Mfg_Part_Num,Part_Desc,E1_Brand,Unilog_Brand,DIB_Brand,Part_Manuf
DCB518ASTS06G,"DCB518ASTS06G Diablo 1/2""x18"" - Sanding Belt 6pc",-- Unbranded --,-- No Unilog Brand --,-- No DIB Brand --,Freud Inc (2435)
3MABR-7100075678,3M 775L Stikit Film P150 - Cubitron II 50 Disc/Box,-- Unbranded --,-- No Unilog Brand --,-- No DIB Brand --,Jam Industrial Supply LLC (JAMIN)
3MABR-7100045865,3M 775L Stikit Film P120 - Cubitron II 50 Disc/Box,-- Unbranded --,-- No Unilog Brand --,-- No DIB Brand --,Jam Industrial Supply LLC (JAMIN)
3MABR-7100048736,3M 775L Stikit Film P80 - Cubitron II 50 Disc/Box,-- Unbranded --,-- No Unilog Brand --,-- No DIB Brand --,Jam Industrial Supply LLC (JAMIN)
3MABR-7100075690,3M 775L Stikit Film P180 - Cubitron II 50 Disc/Box,-- Unbranded --,-- No Unilog Brand --,-- No DIB Brand --,Jam Industrial Supply LLC (JAMIN)
3MABR-7100075692,3M 775L Stikit Film P220 - Cubitron II 50 Disc/Box,-- Unbranded --,-- No Unilog Brand --,-- No DIB Brand --,Jam Industrial Supply LLC (JAMIN)
3MABR-7100145365,3M 775L Stikit Film P320 - Cubitron II 50 Disc/Box,-- Unbranded --,-- No Unilog Brand --,-- No DIB Brand --,Jam Industrial Supply LLC (JAMIN)
5B-332-080,"5B-332-080 HIOLIT 5"" P80",-- Unbranded --,-- No Unilog Brand --,-- No DIB Brand --,Mirka Abrasives Inc (MIRUS)
5B-332-120,"5B-332-120 HIOLIT 5"" P120",-- Unbranded --,-- No Unilog Brand --,-- No DIB Brand --,Mirka Abrasives Inc (MIRUS)
9A-570-240,9A-570-240 Abranet 2.75x30,-- Unbranded --,-- No Unilog Brand --,-- No DIB Brand --,Mirka Abrasives Inc (MIRUS)
9A-570-320,9A-570-320 Abranet 2.75x30,-- Unbranded --,-- No Unilog Brand --,-- No DIB Brand --,Mirka Abrasives Inc (MIRUS)
DBD090094101F,"DBD090094101F Diablo 9"" - Metal Cut-Off Disc",-- Unbranded --,-- No Unilog Brand --,-- No DIB Brand --,Freud Inc (2435)
DBDS12125A01F,"DBDS12125A01F Diablo 12"" - Steel Demon Metal Cut-Off Disc",-- Unbranded --,-- No Unilog Brand --,-- No DIB Brand --,Freud Inc (2435)
DBDS12125G01F,"DBDS12125G01F Diablo 12""x20mm - Speed Demon Metal Cut-Off Disc",-- Unbranded --,-- No Unilog Brand --,-- No DIB Brand --,Freud Inc (2435)
DBDS14125A01F,"DBDS14125A01F Diablo 14""x1"" - Steel Demon Metal Cut-Off Disc",-- Unbranded --,-- No Unilog Brand --,-- No DIB Brand --,Freud Inc (2435)
DBDS14125G01F,"DBDS14125G01F Diablo 14""x20mm - Steel Demon Metal Cut-Off Disc",-- Unbranded --,-- No Unilog Brand --,-- No DIB Brand --,Freud Inc (2435)
49-94-0013,"49-94-0013 Milw 5""x.045""x7/8"" Metal Cut Off Disc",-- Unbranded --,-- No Unilog Brand --,-- No DIB Brand --,Milwaukee Accessory (4031)
49-94-0029,"49-94-0029 Milw 6-1/2""x1/8""x5/8"" DKO Metal Cut Off Disc",-- Unbranded --,-- No Unilog Brand --,-- No DIB Brand --,Milwaukee Accessory (4031)
49-94-0033,"49-94-0033 Milw 7""x1/16""x7/8"" Metal Cut Off Disc",-- Unbranded --,-- No Unilog Brand --,-- No DIB Brand --,Milwaukee Accessory (4031)
49-94-0001,"49-94-0001 Milw 4""x.040""x5/8"" Metal Cut Off Disc",-- Unbranded --,-- No Unilog Brand --,-- No DIB Brand --,Milwaukee Accessory (4031)
49-94-0039,"49-94-0039 Milw 7""x1/8""x5/8"" DKO Metal Cut Off Disc",-- Unbranded --,-- No Unilog Brand --,-- No DIB Brand --,Milwaukee Accessory (4031)
49-94-0043,"49-94-0043 Milw 9""x3/32""x7/8"" Metal Cut Off Disc",-- Unbranded --,-- No Unilog Brand --,-- No DIB Brand --,Milwaukee Accessory (4031)
49-94-0048,"49-94-0048 Milw 12""x7/64""x1"" Metal Cut Off Disc General Purpose",-- Unbranded --,-- No Unilog Brand --,-- No DIB Brand --,Milwaukee Accessory (4031)
49-94-0053,"49-94-0053 Milw 12""x1/8""x1"" Metal Cut Off Disc",-- Unbranded --,-- No Unilog Brand --,-- No DIB Brand --,Milwaukee Accessory (4031)
49-94-0058,"49-94-0058 Milw 12""x1/8""x20mm Metal Cut Off Disc",-- Unbranded --,-- No Unilog Brand --,-- No DIB Brand --,Milwaukee Accessory (4031)
49-94-0063,"49-94-0063 Milw 14""x7/64""x1"" Metal Cut Off Disc General Purpose",-- Unbranded --,-- No Unilog Brand --,-- No DIB Brand --,Milwaukee Accessory (4031)
49-94-0068,"49-94-0068 Milw 14""x1/8""x20mm Metal Cut Off Disc",-- Unbranded --,-- No Unilog Brand --,-- No DIB Brand --,Milwaukee Accessory (4031)
49-94-0073,"49-94-0073 Milw 14""x1/8""x1"" Metal Cut Off Disc",-- Unbranded --,-- No Unilog Brand --,-- No DIB Brand --,Milwaukee Accessory (4031)
49-94-0101,"49-94-0101 Milw 4-1/2""x.045""x7/8"" Perform+ Metal Cut Off Disc 10pc",-- Unbranded --,-- No Unilog Brand --,-- No DIB Brand --,Milwaukee Accessory (4031)
49-94-0107,"49-94-0107 Milw 4-1/2""x.045""x7/8"" Performance+ Metal Cut Off Disc",-- Unbranded --,-- No Unilog Brand --,-- No DIB Brand --,Milwaukee Accessory (4031)
49-94-0117,"49-94-0117 Milw 5""x.045""x7/8"" Performance+ Metal Cut Off Disc",-- Unbranded --,-- No Unilog Brand --,-- No DIB Brand --,Milwaukee Accessory (4031)
49-94-0123,"49-94-0123 Milw 6""x.045""x7/8"" Performance+ Metal Cut Off Disc",-- Unbranded --,-- No Unilog Brand --,-- No DIB Brand --,Milwaukee Accessory (4031)
49-94-0023,"49-94-0023 Milw 6""x.045""x7/8"" Metal Cut Off Disc",-- Unbranded --,-- No Unilog Brand --,-- No DIB Brand --,Milwaukee Accessory (4031)
49-94-0121,"49-94-0121 Milw 6""x.045""x7/8"" Performance+ Metal Cut Off Disc 10pc",-- Unbranded --,-- No Unilog Brand --,-- No DIB Brand --,Milwaukee Accessory (4031)
49-94-0127,"49-94-0127 Milw 6""x.045""x7/8"" Performance+Metal Cut Off Disc",-- Unbranded --,-- No Unilog Brand --,-- No DIB Brand --,Milwaukee Accessory (4031)
49-94-0137,"49-94-0137 Milw 7""x3/32""x7/8"" Performance+ Metal Cut Off Disc",-- Unbranded --,-- No Unilog Brand --,-- No DIB Brand --,Milwaukee Accessory (4031)
49-94-0160,"49-94-0160 Milw 14""x7/64""x1"" Performance+ Metal Cut Off Disc",-- Unbranded --,-- No Unilog Brand --,-- No DIB Brand --,Milwaukee Accessory (4031)
49-94-0223,"49-94-0223 Milw 6""x.045""x7/8"" Ceramic+ Metal Cut Off Disc",-- Unbranded --,-- No Unilog Brand --,-- No DIB Brand --,Milwaukee Accessory (4031)
49-94-0445,"49-94-0445 Milw 10""x3/32""x5/8"" Performance+ Metal Cut Off Disc",-- Unbranded --,-- No Unilog Brand --,-- No DIB Brand --,Milwaukee Accessory (4031)
49-94-0803,"49-94-0803 Milw 4-1/2""x1/8""x7/8"" Dual Metal Cut and Grind Disc",-- Unbranded --,-- No Unilog Brand --,-- No DIB Brand --,Milwaukee Accessory (4031)
49-94-0903,"49-94-0903 Milw 4-1/2""x1/8""x7/8""Perform+Dual Metal Cut and Grind Disc",-- Unbranded --,-- No Unilog Brand --,-- No DIB Brand --,Milwaukee Accessory (4031)
49-94-0907,"49-94-0907 Milw 4-1/2""x1/8""x5/8-11""Perform+Dual Metal Cut n Grind Disc",-- Unbranded --,-- No Unilog Brand --,-- No DIB Brand --,Milwaukee Accessory (4031)
49-94-0923,"49-94-0923 Milw 6""x1/8""x7/8"" Perform+Dual Metal Cut and Grind Disc",-- Unbranded --,-- No Unilog Brand --,-- No DIB Brand --,Milwaukee Accessory (4031)
49-94-1900,"49-94-1900 Milw 4""x1/8""x5/8"" Masonry Cut Off Disc",-- Unbranded --,-- No Unilog Brand --,-- No DIB Brand --,Milwaukee Accessory (4031)
49-94-1905,"49-94-1905 Milw 4-1/2""x1/8""x7/8"" Masonry Cut Off Disc",-- Unbranded --,-- No Unilog Brand --,-- No DIB Brand --,Milwaukee Accessory (4031)
49-94-1915,"49-94-1915 Milw 6-1/2""x1/8""x5/8"" DKO Masonry Cut Off Disc",-- Unbranded --,-- No Unilog Brand --,-- No DIB Brand --,Milwaukee Accessory (4031)
49-94-1920,"49-94-1920 Milw 7""x1/8""x5/8"" DKO Masonry Cut Off Disc",-- Unbranded --,-- No Unilog Brand --,-- No DIB Brand --,Milwaukee Accessory (4031)
49-94-1925,"49-94-1925 Milw 10""x1/8""x5/8"" Masonry Cut Off Disc",-- Unbranded --,-- No Unilog Brand --,-- No DIB Brand --,Milwaukee Accessory (4031)
49-94-1935,"49-94-1935 Milw 12""x1/8""x1"" Masonry Cut Off Disc",-- Unbranded --,-- No Unilog Brand --,-- No DIB Brand --,Milwaukee Accessory (4031)
49-94-1940,"49-94-1940 Milw 14""x1/8""x1"" Masonry Cut Off Disc",-- Unbranded --,-- No Unilog Brand --,-- No DIB Brand --,Milwaukee Accessory (4031)
49-94-0501,"49-94-0501 Milw 4""x1/4""x5/8"" Metal Grinding Wheel",-- Unbranded --,-- No Unilog Brand --,-- No DIB Brand --,Milwaukee Accessory (4031)
49-94-0503,"49-94-0503 Milw 4-1/2""x1/4""x7/8"" Metal Grinding Wheel",-- Unbranded --,-- No Unilog Brand --,-- No DIB Brand --,Milwaukee Accessory (4031)
49-94-0523,"49-94-0523 Milw 6""x1/4""x7/8"" Metal Grinding Wheel",-- Unbranded --,-- No Unilog Brand --,-- No DIB Brand --,Milwaukee Accessory (4031)
49-94-1955,"49-94-1955 Milw 4-1/2""x1/4""x7/8"" Masonry Grinding Wheel",-- Unbranded --,-- No Unilog Brand --,-- No DIB Brand --,Milwaukee Accessory (4031)
49-94-1965,"49-94-1965 Milw 7""x1/4""x7/8"" Masonry Grinding Wheel",-- Unbranded --,-- No Unilog Brand --,-- No DIB Brand --,Milwaukee Accessory (4031)
49-94-0513,"49-94-0513 Milw 5""x1/4""x7/8"" Metal Grinding Wheel",-- Unbranded --,-- No Unilog Brand --,-- No DIB Brand --,Milwaukee Accessory (4031)
49-94-0533,"49-94-0533 Milw 7""x1/4""x7/8"" Metal Grinding Wheel",-- Unbranded --,-- No Unilog Brand --,-- No DIB Brand --,Milwaukee Accessory (4031)
DFBLBLOMFN01G,DFBLBLOMFN01G Diablo 220 Grit - Flat Edge Sanding Sponge,-- Unbranded --,-- No Unilog Brand --,-- No DIB Brand --,Freud Inc (2435)
1700-1PK-BB40,3/4x60' Vinyl Elect Tape,-- Unbranded --,-- No Unilog Brand --,3M,3 M Co (5293)
ASH-40-40-04,1.5x1.5x13' Legacy Emseal Tape,-- Unbranded --,-- No Unilog Brand --,-- No DIB Brand --,Emseal Joint Systems Ltd (EMSJO)
KDFM404KPS,KDFM404KPS Dishwasher SS,-- Unbranded --,-- No Unilog Brand --,-- No DIB Brand --,Appliance Dealers Cooperative (APPDE)
PDSH4816AF,PDSH4816AF Dishwasher SS - Display Only,-- Unbranded --,-- No Unilog Brand --,-- No DIB Brand --,Appliance Dealers Cooperative (APPDE)
PDT715SYVFS,PDT715SYVFS Ge Dishwasher SS,-- Unbranded --,-- No Unilog Brand --,-- No DIB Brand --,Appliance Dealers Cooperative (APPDE)
LDPH5554D,LDPH5554D LG Dishwasher BSS,-- Unbranded --,-- No Unilog Brand --,-- No DIB Brand --,Appliance Dealers Cooperative (APPDE)
WDTS7024RZ,WDTS7024RZ Dishwasher SS - Display Only,-- Unbranded --,-- No Unilog Brand --,-- No DIB Brand --,Appliance Dealers Cooperative (APPDE)
PDD415PYYFS,PDD415PYYFS GE Dishwasher SS,-- Unbranded --,-- No Unilog Brand --,-- No DIB Brand --,Appliance Dealers Cooperative (APPDE)
KDTS424SBE,KDTS424SBE Kitchen Aid Dishwasher Bk,-- Unbranded --,-- No Unilog Brand --,-- No DIB Brand --,Appliance Dealers Cooperative (APPDE)
KDTS324SPS,KDTS324SPS Kitchen Aid Dishwasher SS,-- Unbranded --,-- No Unilog Brand --,-- No DIB Brand --,Appliance Dealers Cooperative (APPDE)
KDPS624SJP,KDPS624SJP Dishwasher Juniper - Display Only,-- Unbranded --,-- No Unilog Brand --,-- No DIB Brand --,Appliance Dealers Cooperative (APPDE)
KDTS624SBE,KDTS624SBE Dishwasher BO Display Only,-- Unbranded --,-- No Unilog Brand --,-- No DIB Brand --,Appliance Dealers Cooperative (APPDE)
D519127,D519127 Heater Kit,-- Unbranded --,-- No Unilog Brand --,-- No DIB Brand --,V & V Appliance Parts Inc (VVAPP)
DF7004WE,DF7004WE Speed Queen Elect Dryer Wh,-- Unbranded --,-- No Unilog Brand --,-- No DIB Brand --,Appliance Dealers Cooperative (APPDE)
DR7004BE,DR7004BE SQ Elect Dryer Bk,-- Unbranded --,-- No Unilog Brand --,-- No DIB Brand --,Appliance Dealers Cooperative (APPDE)
DV2000WE,DV2000WE SQ Elect Dryer Wh,-- Unbranded --,-- No Unilog Brand --,-- No DIB Brand --,Appliance Dealers Cooperative (APPDE)
DC5004WE,DC5004WE SQ Elect Dryer Wh,-- Unbranded --,-- No Unilog Brand --,-- No DIB Brand --,Appliance Dealers Cooperative (APPDE)
DC5004BE,DC5004BE SQ Elect Dryer Bk,-- Unbranded --,-- No Unilog Brand --,-- No DIB Brand --,Appliance Dealers Cooperative (APPDE)
WKE100HWA,WKE100HWA LG Laundry Center Wh - Display,-- Unbranded --,-- No Unilog Brand --,-- No DIB Brand --,Appliance Dealers Cooperative (APPDE)
FF7011WN,FF7011WN Speed Queen Washer Wh,-- Unbranded --,-- No Unilog Brand --,-- No DIB Brand --,Appliance Dealers Cooperative (APPDE)
PTD70GBPTDG,PTD70GBPTDG GE Gas Dryer DG,-- Unbranded --,-- No Unilog Brand --,-- No DIB Brand --,Appliance Dealers Cooperative (APPDE)
PTD70GBSTWS,PTD70GBSTWS GE Gas Dryer Wh,-- Unbranded --,-- No Unilog Brand --,-- No DIB Brand --,Appliance Dealers Cooperative (APPDE)
DR5004WG,DR5004WG SQ Gas Dryer Wh,-- Unbranded --,-- No Unilog Brand --,-- No DIB Brand --,Appliance Dealers Cooperative (APPDE)
DR7004BG,DR7004BG SQ Gas Dryer Bk,-- Unbranded --,-- No Unilog Brand --,-- No DIB Brand --,Appliance Dealers Cooperative (APPDE)
DR7004WG,DR7004WG SQ Gas Dryer Wh,-- Unbranded --,-- No Unilog Brand --,-- No DIB Brand --,Appliance Dealers Cooperative (APPDE)
DV2000WG,DV2000WG SQ Gas Dryer Wh,-- Unbranded --,-- No Unilog Brand --,-- No DIB Brand --,Appliance Dealers Cooperative (APPDE)
DC5004WG,DC5004WG SQ Gas Dryer Wh,-- Unbranded --,-- No Unilog Brand --,-- No DIB Brand --,Appliance Dealers Cooperative (APPDE)
DC5004BG,DC5004BG SQ Gas Dryer Bk,-- Unbranded --,-- No Unilog Brand --,-- No DIB Brand --,Appliance Dealers Cooperative (APPDE)
PTW705BSTWS,PTW705BSTWS GE Washer Wh,-- Unbranded --,-- No Unilog Brand --,-- No DIB Brand --,Appliance Dealers Cooperative (APPDE)
MVWP586GW,MVWP586GW Washer Wh - Display,-- Unbranded --,-- No Unilog Brand --,-- No DIB Brand --,Appliance Dealers Cooperative (APPDE)
TV2000WN,TV2000WN SQ Elect Washer,-- Unbranded --,-- No Unilog Brand --,-- No DIB Brand --,Appliance Dealers Cooperative (APPDE)
TC5003BN,TC5003BN SQ Washer Bk,-- Unbranded --,-- No Unilog Brand --,-- No DIB Brand --,Appliance Dealers Cooperative (APPDE)
TR7006WN,TR7006WN Speed Queen Washer Wh,-- Unbranded --,-- No Unilog Brand --,-- No DIB Brand --,Appliance Dealers Cooperative (APPDE)
TR7006BN,TR7006BN Speed Queen Washer Bk,-- Unbranded --,-- No Unilog Brand --,-- No DIB Brand --,Appliance Dealers Cooperative (APPDE)
TR5006WN,TR5006WN Speed Queen Washer Wh,-- Unbranded --,-- No Unilog Brand --,-- No DIB Brand --,Appliance Dealers Cooperative (APPDE)
05134545001,9516 Kneeling Pad& Bttl Opener,-- Unbranded --,-- No Unilog Brand --,-- No DIB Brand --,Wera Tools NA Inc (WERTO)
LNL65301,LNL65301 Digital Tire Pressure - Inflator Gauge,-- Unbranded --,-- No Unilog Brand --,-- No DIB Brand --,-
25-A,Charcoal Black 25-A Mortar - Type N,-- Unbranded --,-- No Unilog Brand --,-- No DIB Brand --,Rees Cast Stone Company (REECA)
38-E,Dark Chocolate 38-E Mortar - Type N,-- Unbranded --,-- No Unilog Brand --,-- No DIB Brand --,Rees Cast Stone Company (REECA)
59-J,Light Buff 59-J Mortar - Type N,-- Unbranded --,-- No Unilog Brand --,-- No DIB Brand --,Rees Cast Stone Company (REECA)
44-A,Light Chocolate 44-A Mortar - Type N,-- Unbranded --,-- No Unilog Brand --,-- No DIB Brand --,Rees Cast Stone Company (REECA)
543302126,6' Wh Select T-Rail Kit Horiz - w/Sq Composite Balusters,TREX,-- No Unilog Brand --,-- No DIB Brand --,U S Lumber (3073)
543302146,8' Wh Select T-Rail Kit Horiz - w/Sq Composite Balusters,TREX,-- No Unilog Brand --,-- No DIB Brand --,U S Lumber (3073)
73019603,Finyline Wh 6' Fl Rail Kit Sq,-- Unbranded --,-- No Unilog Brand --,-- No DIB Brand --,-
73019652,Finyline Wh 8' Fl Rail Kit Sq,-- Unbranded --,-- No Unilog Brand --,-- No DIB Brand --,-
73019517,Finyline Wh 10' Fl Rail Kit Sq,-- Unbranded --,-- No Unilog Brand --,-- No DIB Brand --,-
73019602,Finyline Wh 6' Fl Rail Kit Rd - w/Black Alum Balusters,-- Unbranded --,-- No Unilog Brand --,-- No DIB Brand --,-
73019651,Finyline Wh 8' Fl Rail Kit Rd - w/Black Alum Balusters,-- Unbranded --,-- No Unilog Brand --,-- No DIB Brand --,-
73019516,Finyline Wh 10' Fl Rail Kit Rd - w/Black Alum Balusters,-- Unbranded --,-- No Unilog Brand --,-- No DIB Brand --,-
543300256,6' Black Select Classic Horiz - Rail w/Rnd Black Alum Baluster,TREX,-- No Unilog Brand --,-- No DIB Brand --,Boise Cascade Building Materials (BOICA)
543300276,8' Black Select Classic Horiz - Rail w/Rnd Black Alum Baluster,TREX,-- No Unilog Brand --,-- No DIB Brand --,Boise Cascade Building Materials (BOICA)
73045028,Custom Finyline Wh Gate Sq Bal,-- Unbranded --,-- No Unilog Brand --,-- No DIB Brand --,-
73045031,Custom Finyline Wh Gate Rd - w/Black Alum Balusters,-- Unbranded --,-- No Unilog Brand --,-- No DIB Brand --,-
543340126,"6'x36"" Select Alm w/Sq Bal Hor - Assembled Black Rail Panel",TREX,-- No Unilog Brand --,-- No DIB Brand --,Boise Cascade Building Materials (BOICA)
543340127,"6'x36"" Select Alm w/Sq Bal Str - Assembled Black Rail Panel",TREX,-- No Unilog Brand --,-- No DIB Brand --,Boise Cascade Building Materials (BOICA)
543340146,"8'x36"" Select Alm w/Sq Bal Hor - Assembled Black Rail Panel",TREX,-- No Unilog Brand --,-- No DIB Brand --,Boise Cascade Building Materials (BOICA)
543340147,"8'x36"" Select Alm w/Sq Bal Str - Assembled Black Rail Panel",TREX,-- No Unilog Brand --,-- No DIB Brand --,Boise Cascade Building Materials (BOICA)
ADB15516CS,1x6-16' Coastline Sq Edge - Vintage Azek PVC Decking,TIMBERTECH,-- No Unilog Brand --,-- No DIB Brand --,Parksite (6151)
ADB15520CS,1x6-20' Coastline Sq Edge - Vintage Azek PVC Decking,TIMBERTECH,-- No Unilog Brand --,-- No DIB Brand --,Parksite (6151)
ADB15516EW,1x6-16' English Walnut Sq Edge - Vintage Azek PVC Decking,TIMBERTECH,-- No Unilog Brand --,-- No DIB Brand --,Parksite (6151)
ADB15520EW,1x6-20' English Walnut Sq Edge - Vintage Azek PVC Decking,TIMBERTECH,-- No Unilog Brand --,-- No DIB Brand --,Parksite (6151)
ADB15516MH,1x6-16' Mahogany Sq Edge - Vintage Azek PVC Decking,TIMBERTECH,-- No Unilog Brand --,-- No DIB Brand --,Parksite (6151)
ADB15520MH,1x6-20' Mahogany Sq Edge - Vintage Azek PVC Decking,TIMBERTECH,-- No Unilog Brand --,-- No DIB Brand --,Parksite (6151)
ADB15516WT,1x6-16' Weathered Teak Sq Edge - Vintage Azek PVC Decking,TIMBERTECH,-- No Unilog Brand --,-- No DIB Brand --,Parksite (6151)
ADB15520WT,1x6-20' Weathered Teak Sq Edge - Vintage Azek PVC Decking,TIMBERTECH,-- No Unilog Brand --,-- No DIB Brand --,Parksite (6151)
AGB15512CS,1x6-12' Coastline Grooved - Vintage Azek PVC Decking,TIMBERTECH,-- No Unilog Brand --,-- No DIB Brand --,Parksite (6151)
AGB15516CS,1x6-16' Coastline Grooved - Vintage Azek PVC Decking,TIMBERTECH,-- No Unilog Brand --,-- No DIB Brand --,Parksite (6151)
AGB15520CS,1x6-20' Coastline Grooved - Vintage Azek PVC Decking,TIMBERTECH,-- No Unilog Brand --,-- No DIB Brand --,Parksite (6151)
AGB15512EW,1x6-12' English Walnut Grooved - Vintage Azek PVC Decking,TIMBERTECH,-- No Unilog Brand --,-- No DIB Brand --,Parksite (6151)
AGB15516EW,1x6-16' English Walnut Grooved - Vintage Azek PVC Decking,TIMBERTECH,-- No Unilog Brand --,-- No DIB Brand --,Parksite (6151)
AGB15520EW,1x6-20' English Walnut Grooved - Vintage Azek PVC Decking,TIMBERTECH,-- No Unilog Brand --,-- No DIB Brand --,Parksite (6151)
AGB15512MH,1x6-12' Mahogany Grooved - Vintage Azek PVC Decking,TIMBERTECH,-- No Unilog Brand --,-- No DIB Brand --,Parksite (6151)
AGB15516MH,1x6-16' Mahogany Grooved - Vintage Azek PVC Decking,TIMBERTECH,-- No Unilog Brand --,-- No DIB Brand --,Parksite (6151)
AGB15520MH,1x6-20' Mahogany Grooved - Vintage Azek PVC Decking,TIMBERTECH,-- No Unilog Brand --,-- No DIB Brand --,Parksite (6151)
AGB15512WT,1x6-12' Weathered Teak Grooved - Vintage Azek PVC Decking,TIMBERTECH,-- No Unilog Brand --,-- No DIB Brand --,Parksite (6151)
AGB15516WT,1x6-16' Weathered Teak Grooved - Vintage Azek PVC Decking,TIMBERTECH,-- No Unilog Brand --,-- No DIB Brand --,Parksite (6151)
AGB15520WT,1x6-20' Weathered Teak Grooved - Vintage Azek PVC Decking,TIMBERTECH,-- No Unilog Brand --,-- No DIB Brand --,Parksite (6151)
ADB15516AW,1x6-16' American Walnut Sq Edg - Landmark Azek PVC Decking,TIMBERTECH,-- No Unilog Brand --,-- No DIB Brand --,Parksite (6151)
ADB15520AW,1x6-20' American Walnut Sq Edg - Landmark Azek PVC Decking,TIMBERTECH,-- No Unilog Brand --,-- No DIB Brand --,Parksite (6151)
ADB15516CG,1x6-16' Castle Gate Sq Edge - Landmark Azek PVC Decking,TIMBERTECH,-- No Unilog Brand --,-- No DIB Brand --,Parksite (6151)
ADB15520CG,1x6-20' Castle Gate Sq Edge - Landmark Azek PVC Decking,TIMBERTECH,-- No Unilog Brand --,-- No DIB Brand --,Parksite (6151)
ADB15516FW,1x6-16' French White Oak Sq Ed - Landmark Azek PVC Decking,TIMBERTECH,-- No Unilog Brand --,-- No DIB Brand --,Parksite (6151)
ADB15520FW,1x6-20' French White Oak Sq Ed - Landmark Azek PVC Decking,TIMBERTECH,-- No Unilog Brand --,-- No DIB Brand --,Parksite (6151)
AGB15512AW,1x6-12' American Walnut Groove - Landmark Azek PVC Decking,TIMBERTECH,-- No Unilog Brand --,-- No DIB Brand --,Parksite (6151)
AGB15516AW,1x6-16' American Walnut Groove - Landmark Azek PVC Decking,TIMBERTECH,-- No Unilog Brand --,-- No DIB Brand --,Parksite (6151)
AGB15520AW,1x6-20' American Walnut Groove - Landmark Azek PVC Decking,TIMBERTECH,-- No Unilog Brand --,-- No DIB Brand --,Parksite (6151)
AGB15512CG,1x6-12' Castle Gate Grooved - Landmark Azek PVC Decking,TIMBERTECH,-- No Unilog Brand --,-- No DIB Brand --,Parksite (6151)
AGB15516CG,1x6-16' Castle Gate Grooved - Landmark Azek PVC Decking,TIMBERTECH,-- No Unilog Brand --,-- No DIB Brand --,Parksite (6151)
AGB15520CG,1x6-20' Castle Gate Grooved - Landmark Azek PVC Decking,TIMBERTECH,-- No Unilog Brand --,-- No DIB Brand --,Parksite (6151)
AGB15512FW,1x6-12' French White Oak Groov - Landmark Azek PVC Decking,TIMBERTECH,-- No Unilog Brand --,-- No DIB Brand --,Parksite (6151)
AGB15516FW,1x6-16' French White Oak Groov - Landmark Azek PVC Decking,TIMBERTECH,-- No Unilog Brand --,-- No DIB Brand --,Parksite (6151)
AGB15520FW,1x6-20' French White Oak Groov - Landmark Azek PVC Decking,TIMBERTECH,-- No Unilog Brand --,-- No DIB Brand --,Parksite (6151)
ADCB15516BS,1x6-16' Brownstone Sq Edge - Harvest Azek PVC Decking,TIMBERTECH,-- No Unilog Brand --,-- No DIB Brand --,Parksite (6151)
ADCB15520BS,1x6-20' Brownstone Sq Edge - Harvest Azek PVC Decking,TIMBERTECH,-- No Unilog Brand --,-- No DIB Brand --,Parksite (6151)
ADCB15516SG,1x6-16' Slate Gray Sq Edge - Harvest Azek PVC Decking,TIMBERTECH,-- No Unilog Brand --,-- No DIB Brand --,Parksite (6151)
ADCB15520SG,1x6-20' Slate Gray Sq Edge - Harvest Azek PVC Decking,TIMBERTECH,-- No Unilog Brand --,-- No DIB Brand --,Parksite (6151)
AGB15512BS,1x6-12' Brownstone Grooved - Harvest Azek PVC Decking,TIMBERTECH,-- No Unilog Brand --,-- No DIB Brand --,Parksite (6151)
AGB15516BS,1x6-16' Brownstone Grooved - Harvest Azek PVC Decking,TIMBERTECH,-- No Unilog Brand --,-- No DIB Brand --,Parksite (6151)
AGB15520BS,1x6-20' Brownstone Grooved - Harvest Azek PVC Decking,TIMBERTECH,-- No Unilog Brand --,-- No DIB Brand --,Parksite (6151)
AGB15512SG,1x6-12' Slate Gray Grooved - Harvest Azek PVC Decking,TIMBERTECH,-- No Unilog Brand --,-- No DIB Brand --,Parksite (6151)
AGB15516SG,1x6-16' Slate Gray Grooved - Harvest Azek PVC Decking,TIMBERTECH,-- No Unilog Brand --,-- No DIB Brand --,Parksite (6151)
AGB15520SG,1x6-20' Slate Gray Grooved - Harvest Azek PVC Decking,TIMBERTECH,-- No Unilog Brand --,-- No DIB Brand --,Parksite (6151)
543140016,1nx6-16' Biscayne Sq Edge - Trex Transcend Lineage Decking,TREX,-- No Unilog Brand --,-- No DIB Brand --,U S Lumber (3073)
543140020,1nx6-20' Biscayne Sq Edge - Trex Transcend Lineage Decking,TREX,-- No Unilog Brand --,-- No DIB Brand --,U S Lumber (3073)
543142016,1nx6-16' Carmel Sq Edge - Trex Transcend Lineage Decking,TREX,-- No Unilog Brand --,-- No DIB Brand --,U S Lumber (3073)
543142020,1nx6-20' Carmel Sq Edge - Trex Transcend Lineage Decking,TREX,-- No Unilog Brand --,-- No DIB Brand --,U S Lumber (3073)
543144016,1nx6-16' Island Mist Sq Edge - Trex Transcend Lineage Decking,TREX,-- No Unilog Brand --,-- No DIB Brand --,U S Lumber (3073)
543144020,1nx6-20' Island Mist Sq Edge - Trex Transcend Lineage Decking,TREX,-- No Unilog Brand --,-- No DIB Brand --,U S Lumber (3073)
543143016,1nx6-16' Jasper Sq Edge - Trex Transcend Lineage Decking,TREX,-- No Unilog Brand --,-- No DIB Brand --,U S Lumber (3073)
543143020,1nx6-20' Jasper Sq Edge - Trex Transcend Lineage Decking,TREX,-- No Unilog Brand --,-- No DIB Brand --,U S Lumber (3073)
543141016,1nx6-16' Rainier Sq Edge - Trex Transcend Lineage Decking,TREX,-- No Unilog Brand --,-- No DIB Brand --,U S Lumber (3073)
543141020,1nx6-20' Rainier Sq Edge - Trex Transcend Lineage Decking,TREX,-- No Unilog Brand --,-- No DIB Brand --,U S Lumber (3073)
543140412,1nx6-12' Biscayne Grooved - Trex Transcend Lineage Decking,TREX,-- No Unilog Brand --,-- No DIB Brand --,U S Lumber (3073)
543140416,1nx6-16' Biscayne Grooved - Trex Transcend Lineage Decking,TREX,-- No Unilog Brand --,-- No DIB Brand --,U S Lumber (3073)
543140420,1nx6-20' Biscayne Grooved - Trex Transcend Lineage Decking,TREX,-- No Unilog Brand --,-- No DIB Brand --,U S Lumber (3073)
543142412,1nx6-12' Carmel Grooved - Trex Transcend Lineage Decking,TREX,-- No Unilog Brand --,-- No DIB Brand --,U S Lumber (3073)
543142416,1nx6-16' Carmel Grooved - Trex Transcend Lineage Decking,TREX,-- No Unilog Brand --,-- No DIB Brand --,U S Lumber (3073)
543142420,1nx6-20' Carmel Grooved - Trex Transcend Lineage Decking,TREX,-- No Unilog Brand --,-- No DIB Brand --,U S Lumber (3073)
543144412,1nx6-12' Island Mist Grooved - Trex Transcend Lineage Decking,TREX,-- No Unilog Brand --,-- No DIB Brand --,U S Lumber (3073)
543144416,1nx6-16' Island Mist Grooved - Trex Transcend Lineage Decking,TREX,-- No Unilog Brand --,-- No DIB Brand --,U S Lumber (3073)
543144420,1nx6-20' Island Mist Grooved - Trex Transcend Lineage Decking,TREX,-- No Unilog Brand --,-- No DIB Brand --,U S Lumber (3073)
543143412,1nx6-12' Jasper Grooved - Trex Transcend Lineage Decking,TREX,-- No Unilog Brand --,-- No DIB Brand --,U S Lumber (3073)
543143416,1nx6-16' Jasper Grooved - Trex Transcend Lineage Decking,TREX,-- No Unilog Brand --,-- No DIB Brand --,U S Lumber (3073)
543143420,1nx6-20' Jasper Grooved - Trex Transcend Lineage Decking,TREX,-- No Unilog Brand --,-- No DIB Brand --,U S Lumber (3073)
543141412,1nx6-12' Rainier Grooved - Trex Transcend Lineage Decking,TREX,-- No Unilog Brand --,-- No DIB Brand --,U S Lumber (3073)
543141416,1nx6-16' Rainier Grooved - Trex Transcend Lineage Decking,TREX,-- No Unilog Brand --,-- No DIB Brand --,U S Lumber (3073)
543141420,1nx6-20' Rainier Grooved - Trex Transcend Lineage Decking,TREX,-- No Unilog Brand --,-- No DIB Brand --,U S Lumber (3073)
1513703,1nx6-16' Hatteras Sq Edge - Trex Transcend Lineage Decking,TREX,-- No Unilog Brand --,-- No DIB Brand --,Boise Cascade Building Materials (BOICA)
1513704,1nx6-20' Hatteras Sq Edge - Trex Transcend Lineage Decking,TREX,-- No Unilog Brand --,-- No DIB Brand --,Boise Cascade Building Materials (BOICA)
1513705,1nx6-12' Hatteras Grooved - Trex Transcend Lineage Decking,TREX,-- No Unilog Brand --,-- No DIB Brand --,Boise Cascade Building Materials (BOICA)
1513706,1nx6-16' Hatteras Grooved - Trex Transcend Lineage Decking,TREX,-- No Unilog Brand --,-- No DIB Brand --,Boise Cascade Building Materials (BOICA)
1513707,1nx6-20' Hatteras Grooved - Trex Transcend Lineage Decking,TREX,-- No Unilog Brand --,-- No DIB Brand --,Boise Cascade Building Materials (BOICA)
1513708,1nx6-16' Salt Flat Sq Edge - Trex Transcend Lineage Decking,TREX,-- No Unilog Brand --,-- No DIB Brand --,Boise Cascade Building Materials (BOICA)
1513709,1nx6-20' Salt Flat Sq Edge - Trex Transcend Lineage Decking,TREX,-- No Unilog Brand --,-- No DIB Brand --,Boise Cascade Building Materials (BOICA)
1513710,1nx6-12' Salt Flat Grooved - Trex Transcend Lineage Decking,TREX,-- No Unilog Brand --,-- No DIB Brand --,Boise Cascade Building Materials (BOICA)
1513711,1nx6-16' Salt Flat Grooved - Trex Transcend Lineage Decking,TREX,-- No Unilog Brand --,-- No DIB Brand --,Boise Cascade Building Materials (BOICA)
1513712,1nx6-20' Salt Flat Grooved - Trex Transcend Lineage Decking,TREX,-- No Unilog Brand --,-- No DIB Brand --,Boise Cascade Building Materials (BOICA)
1513717,1nx6-16' Honey Grove Sq Edge - Trex Enhance Naturals Decking,TREX,-- No Unilog Brand --,-- No DIB Brand --,Boise Cascade Building Materials (BOICA)
1513718,1nx6-20' Honey Grove Sq Edge - Trex Enhance Naturals Decking,TREX,-- No Unilog Brand --,-- No DIB Brand --,Boise Cascade Building Materials (BOICA)
1513719,1nx6-12' Honey Grove Grooved - Trex Enhance Naturals Decking,TREX,-- No Unilog Brand --,-- No DIB Brand --,Boise Cascade Building Materials (BOICA)
1513720,1nx6-16' Honey Grove Grooved - Trex Enhance Naturals Decking,TREX,-- No Unilog Brand --,-- No DIB Brand --,Boise Cascade Building Materials (BOICA)
1513721,1nx6-20' Honey Grove Grooved - Trex Enhance Naturals Decking,TREX,-- No Unilog Brand --,-- No DIB Brand --,Boise Cascade Building Materials (BOICA)
1513724,1nx6-16' Tide Pool Sq Edge - Trex Enhance Basics Decking,TREX,-- No Unilog Brand --,-- No DIB Brand --,Boise Cascade Building Materials (BOICA)
1513725,1nx6-20' Tide Pool Sq Edge - Trex Enhance Basics Decking,TREX,-- No Unilog Brand --,-- No DIB Brand --,Boise Cascade Building Materials (BOICA)
1513726,1nx6-12' Tide Pool Grooved - Trex Enhance Basics Decking,TREX,-- No Unilog Brand --,-- No DIB Brand --,Boise Cascade Building Materials (BOICA)
1513727,1nx6-16' Tide Pool Grooved - Trex Enhance Basics Decking,TREX,-- No Unilog Brand --,-- No DIB Brand --,Boise Cascade Building Materials (BOICA)
1513728,1nx6-20' Tide Pool Grooved - Trex Enhance Basics Decking,TREX,-- No Unilog Brand --,-- No DIB Brand --,Boise Cascade Building Materials (BOICA)
543076016,1nx6-16' Cinnamon Cove Sq Edge - Trex Enhance Naturals Decking,TREX,-- No Unilog Brand --,-- No DIB Brand --,Boise Cascade Building Materials (BOICA)
543076020,1nx6-20' Cinnamon Cove Sq Edge - Trex Enhance Naturals Decking,TREX,-- No Unilog Brand --,-- No DIB Brand --,Boise Cascade Building Materials (BOICA)
543076412,1nx6-12' Cinnamon Cove Grooved - Trex Enhance Naturals Decking,TREX,-- No Unilog Brand --,-- No DIB Brand --,Boise Cascade Building Materials (BOICA)
543076416,1nx6-16' Cinnamon Cove Grooved - Trex Enhance Naturals Decking,TREX,-- No Unilog Brand --,-- No DIB Brand --,Boise Cascade Building Materials (BOICA)
543076420,1nx6-20' Cinnamon Cove Grooved - Trex Enhance Naturals Decking,TREX,-- No Unilog Brand --,-- No DIB Brand --,Boise Cascade Building Materials (BOICA)
1516870,1nx6-16' Golden Hour Sq Edge - Trex Enhance Naturals Decking,TREX,-- No Unilog Brand --,-- No DIB Brand --,Boise Cascade Building Materials (BOICA)
1516871,1nx6-20' Golden Hour Sq Edge - Trex Enhance Naturals Decking,TREX,-- No Unilog Brand --,-- No DIB Brand --,Boise Cascade Building Materials (BOICA)
1516872,1nx6-12' Golden Hour Grooved - Trex Enhance Naturals Decking,TREX,-- No Unilog Brand --,-- No DIB Brand --,Boise Cascade Building Materials (BOICA)
1516873,1nx6-16' Golden Hour Grooved - Trex Enhance Naturals Decking,TREX,-- No Unilog Brand --,-- No DIB Brand --,Boise Cascade Building Materials (BOICA)
1516874,1nx6-20' Golden Hour Grooved - Trex Enhance Naturals Decking,TREX,-- No Unilog Brand --,-- No DIB Brand --,Boise Cascade Building Materials (BOICA)
1516879,1nx6-16' Pebble Beach Sq Edge - Trex Enhance Basics Decking,TREX,-- No Unilog Brand --,-- No DIB Brand --,Boise Cascade Building Materials (BOICA)
1516880,1nx6-20' Pebble Beach Sq Edge - Trex Enhance Basics Decking,TREX,-- No Unilog Brand --,-- No DIB Brand --,Boise Cascade Building Materials (BOICA)
1516881,1nx6-12' Pebble Beach Grooved - Trex Enhance Basics Decking,TREX,-- No Unilog Brand --,-- No DIB Brand --,Boise Cascade Building Materials (BOICA)
1516882,1nx6-16' Pebble Beach Grooved - Trex Enhance Basics Decking,TREX,-- No Unilog Brand --,-- No DIB Brand --,Boise Cascade Building Materials (BOICA)
1516883,1nx6-20' Pebble Beach Grooved - Trex Enhance Basics Decking,TREX,-- No Unilog Brand --,-- No DIB Brand --,Boise Cascade Building Materials (BOICA)
543005016,7/8nx6-16' Malted Barley Sq Edge - Trex Select 2.0 Decking,TREX,-- No Unilog Brand --,-- No DIB Brand --,Boise Cascade Building Materials (BOICA)
543005020,7/8nx6-20' Malted Barley Sq Edge - Trex Select 2.0 Decking,TREX,-- No Unilog Brand --,-- No DIB Brand --,Boise Cascade Building Materials (BOICA)
543005412,7/8nx6-12' Malted Barley Grooved - Trex Select 2.0 Decking,TREX,-- No Unilog Brand --,-- No DIB Brand --,Boise Cascade Building Materials (BOICA)
543005416,7/8nx6-16' Malted Barley Grooved - Trex Select 2.0 Decking,TREX,-- No Unilog Brand --,-- No DIB Brand --,Boise Cascade Building Materials (BOICA)
543005420,7/8nx6-20' Malted Barley Grooved - Trex Select 2.0 Decking,TREX,-- No Unilog Brand --,-- No DIB Brand --,Boise Cascade Building Materials (BOICA)
1516891,7/8nx6-16' Millstone Sq Edge - Trex Select 2.0 Decking,TREX,-- No Unilog Brand --,-- No DIB Brand --,Boise Cascade Building Materials (BOICA)
1516892,7/8nx6-20' Millstone Sq Edge -Trex Select 2.0 Decking,TREX,-- No Unilog Brand --,-- No DIB Brand --,Boise Cascade Building Materials (BOICA)
1516893,7/8nx6-12' Millstone Grooved - Trex Select 2.0 Decking,TREX,-- No Unilog Brand --,-- No DIB Brand --,Boise Cascade Building Materials (BOICA)
1516894,7/8nx6-16' Millstone Grooved - Trex Select 2.0 Decking,TREX,-- No Unilog Brand --,-- No DIB Brand --,Boise Cascade Building Materials (BOICA)
1516895,7/8nx6-20' Millstone Grooved - Trex Select 2.0 Decking,TREX,-- No Unilog Brand --,-- No DIB Brand --,Boise Cascade Building Materials (BOICA)
543007016,7/8nx6-16' Whiskey Barrel Sq Edge - Trex Select 2.0 Decking,TREX,-- No Unilog Brand --,-- No DIB Brand --,Boise Cascade Building Materials (BOICA)
543007020,7/8nx6-20' Whiskey Barrel Sq Edge - Trex Select 2.0 Decking,TREX,-- No Unilog Brand --,-- No DIB Brand --,Boise Cascade Building Materials (BOICA)
543007412,7/8nx6-12' Whiskey Barrel Grooved - Trex Select 2.0 Decking,TREX,-- No Unilog Brand --,-- No DIB Brand --,Boise Cascade Building Materials (BOICA)
543007416,7/8nx6-16' Whiskey Barrel Grooved - Trex Select 2.0 Decking,TREX,-- No Unilog Brand --,-- No DIB Brand --,Boise Cascade Building Materials (BOICA)
543007420,7/8nx6-20' Whiskey Barrel Grooved - Trex Select 2.0 Decking,TREX,-- No Unilog Brand --,-- No DIB Brand --,Boise Cascade Building Materials (BOICA)
ADR5117512CS,1x12-12' Coastline - Vintage Azek PVC Fascia,TIMBERTECH,-- No Unilog Brand --,-- No DIB Brand --,Parksite (6151)
ADR5117512MH,1x12-12' Mahogany - Vintage Azek PVC Fascia,TIMBERTECH,-- No Unilog Brand --,-- No DIB Brand --,Parksite (6151)
ADR5117512WT,1x12-12' Weathered Teak - Vintage Azek PVC Fascia,TIMBERTECH,-- No Unilog Brand --,-- No DIB Brand --,Parksite (6151)
ADR5117512AW,1x12-12' American Walnut - Landmark Azek PVC Fascia,TIMBERTECH,-- No Unilog Brand --,-- No DIB Brand --,Parksite (6151)
ADR5117512CG,1x12-12' Castle Gate - Landmark Azek PVC Fascia,TIMBERTECH,-- No Unilog Brand --,-- No DIB Brand --,Parksite (6151)
ADR5117512FW,1x12-12' French White Oak - Landmark Azek PVC Fascia,TIMBERTECH,-- No Unilog Brand --,-- No DIB Brand --,Parksite (6151)
1508395,1x8-12' Brownstone - Harvest Azek PVC Fascia,TIMBERTECH,-- No Unilog Brand --,-- No DIB Brand --,Parksite (6151)
1508396,1x8-12' Slate Gray - Harvest Azek PVC Fascia,TIMBERTECH,-- No Unilog Brand --,-- No DIB Brand --,Parksite (6151)
ADCR5117512BS,1x12-12' Brownstone - Harvest Azek PVC Fascia,TIMBERTECH,-- No Unilog Brand --,-- No DIB Brand --,Parksite (6151)
ADCR5117512SG,1x12-12' Slate Gray - Harvest Azek PVC Fascia,TIMBERTECH,-- No Unilog Brand --,-- No DIB Brand --,Parksite (6151)
543140908,1x8-12' Biscayne - Trex Lineage,TREX,-- No Unilog Brand --,-- No DIB Brand --,U S Lumber (3073)
543142908,1x8-12' Carmel - Trex Lineage,TREX,-- No Unilog Brand --,-- No DIB Brand --,U S Lumber (3073)
543143908,1x8-12' Jasper - Trex Lineage,TREX,-- No Unilog Brand --,-- No DIB Brand --,U S Lumber (3073)
543140912,1x12-12' Biscayne - Trex Lineage,TREX,-- No Unilog Brand --,-- No DIB Brand --,U S Lumber (3073)
543142912,1x12-12' Carmel - Trex Lineage,TREX,-- No Unilog Brand --,-- No DIB Brand --,U S Lumber (3073)
543143912,1x12-12' Jasper - Trex Lineage,TREX,-- No Unilog Brand --,-- No DIB Brand --,U S Lumber (3073)
1513715,1x12-12' Hatteras - Trex Lineage,TREX,-- No Unilog Brand --,-- No DIB Brand --,Boise Cascade Building Materials (BOICA)
1513716,1x12-12' Salt Flat - Trex Lineage,TREX,-- No Unilog Brand --,-- No DIB Brand --,Boise Cascade Building Materials (BOICA)
1513722,1x8-12' Honey Grove - Trex Enhance Naturals Fascia,TREX,-- No Unilog Brand --,-- No DIB Brand --,Boise Cascade Building Materials (BOICA)
1513723,1x12-12' Honey Grove - Trex Enhance Naturals Fascia,TREX,-- No Unilog Brand --,-- No DIB Brand --,Boise Cascade Building Materials (BOICA)
1513729,1x8-12' Tide Pool - Trex Enhance Basics Fascia,TREX,-- No Unilog Brand --,-- No DIB Brand --,Boise Cascade Building Materials (BOICA)
1513730,1x12-12' Tide Pool - Trex Enhance Basics Fascia,TREX,-- No Unilog Brand --,-- No DIB Brand --,Boise Cascade Building Materials (BOICA)
543076916,1x8-12' Cinnamon Cove - Trex Enhance Naturals Fascia,TREX,-- No Unilog Brand --,-- No DIB Brand --,Boise Cascade Building Materials (BOICA)
1516876,1x8-12' Golden Hour - Trex Enhance Naturals Fascia,TREX,-- No Unilog Brand --,-- No DIB Brand --,Boise Cascade Building Materials (BOICA)
543076936,1x12-12' Cinnamon Cove - Trex Enhance Naturals Fascia,TREX,-- No Unilog Brand --,-- No DIB Brand --,Boise Cascade Building Materials (BOICA)
1516878,1x12-12' Golden Hour - Trex Enhance Naturals Fascia,TREX,-- No Unilog Brand --,-- No DIB Brand --,Boise Cascade Building Materials (BOICA)
1516884,1x8-12' Pebble Beach - Trex Enhance Basics Fascia,TREX,-- No Unilog Brand --,-- No DIB Brand --,Boise Cascade Building Materials (BOICA)
1516885,1x12-12' Pebble Beach - Trex Enhance Basics Fascia,TREX,-- No Unilog Brand --,-- No DIB Brand --,Boise Cascade Building Materials (BOICA)
543005916,1x8-12' Malted Barley - Trex Select 2.0 Fascia,TREX,-- No Unilog Brand --,-- No DIB Brand --,Boise Cascade Building Materials (BOICA)
1516902,1x8-12' Millstone - Trex Select 2.0 Fascia,TREX,-- No Unilog Brand --,-- No DIB Brand --,Boise Cascade Building Materials (BOICA)
543007916,1x8-12' Whiskey Barrel - Trex Select 2.0 Fascia,TREX,-- No Unilog Brand --,-- No DIB Brand --,Boise Cascade Building Materials (BOICA)
543005936,1x12-12' Malted Barley - Trex Select 2.0 Fascia,TREX,-- No Unilog Brand --,-- No DIB Brand --,Boise Cascade Building Materials (BOICA)
1516905,1x12-12' Millstone - Trex Select 2.0 Fascia,TREX,-- No Unilog Brand --,-- No DIB Brand --,Boise Cascade Building Materials (BOICA)
543007936,1x12-12' Whiskey Barrel - Trex Select 2.0 Fascia,TREX,-- No Unilog Brand --,-- No DIB Brand --,Boise Cascade Building Materials (BOICA)
543144908,1x8-12' Island Mist - Trex Lineage,TREX,-- No Unilog Brand --,-- No DIB Brand --,U S Lumber (3073)
543141908,1x8-12' Rainier - Trex Lineage,TREX,-- No Unilog Brand --,-- No DIB Brand --,U S Lumber (3073)
543144912,1x12-12' Island Mist - Trex Lineage,TREX,-- No Unilog Brand --,-- No DIB Brand --,U S Lumber (3073)
543141912,1x12-12' Rainier - Trex Lineage,TREX,-- No Unilog Brand --,-- No DIB Brand --,U S Lumber (3073)
1513713,1x8-12' Hatteras - Trex Lineage,TREX,-- No Unilog Brand --,-- No DIB Brand --,Boise Cascade Building Materials (BOICA)
1513714,1x8-12' Salt Flat - Trex Lineage,TREX,-- No Unilog Brand --,-- No DIB Brand --,Boise Cascade Building Materials (BOICA)
73012503,4x4 Wh Heritage Post Trim RDI,-- Unbranded --,-- No Unilog Brand --,-- No DIB Brand --,-
73018131,6x6 Wh Elite Post Trim 4pc RDI,-- Unbranded --,-- No Unilog Brand --,-- No DIB Brand --,-
73018091,4x4 Wh Elite Post Trim RDI,-- Unbranded --,-- No Unilog Brand --,-- No DIB Brand --,-
73018066,Clay 6x6 Elite Post Trim RDI - 4pc,-- Unbranded --,-- No Unilog Brand --,-- No DIB Brand --,-
73018076,4x4 Wh Flat Post Cap RDI,-- Unbranded --,-- No Unilog Brand --,-- No DIB Brand --,-
61109087,Wh 4x4-39 Blank Post RDI,-- Unbranded --,-- No Unilog Brand --,-- No DIB Brand --,-
73018731,Wh 6x6-108 Post Sleeve RDI,-- Unbranded --,-- No Unilog Brand --,-- No DIB Brand --,-
61109090,Wh 4x4-108 Post Sleeve RDI,-- Unbranded --,-- No Unilog Brand --,-- No DIB Brand --,-
73053603,Clay 4x4-108 Post Sleeve RDI,-- Unbranded --,-- No Unilog Brand --,-- No DIB Brand --,-
73053608,Clay 6x6-108 Post Sleeve RDI,-- Unbranded --,-- No Unilog Brand --,-- No DIB Brand --,-
543340896,"4x4-37"" Black Alum Post Sleeve Select Alum Railing - w/Cap & Skirt",TREX,-- No Unilog Brand --,-- No DIB Brand --,Boise Cascade Building Materials (BOICA)
543340898,"4x4-43"" Black Alum Post Sleeve Select Alum Railing w/Cap & Skirt",TREX,-- No Unilog Brand --,-- No DIB Brand --,Boise Cascade Building Materials (BOICA)
73272TBK,6x6-10' Black Alum Deco - Support Post,DSI Westbury,-- No Unilog Brand --,-- No DIB Brand --,Palmer Donavin Mfg Company (PALDO)
543302127,6' Wh Select T-Rail Kit Stair - w/Sq Composite Balusters,TREX,-- No Unilog Brand --,-- No DIB Brand --,U S Lumber (3073)
543302147,8' Wh Select T-Rail Kit Stair - w/Sq Composite Balusters,TREX,-- No Unilog Brand --,-- No DIB Brand --,U S Lumber (3073)
73019599,Finyline Wh 6' Str Rail Kit Sq,-- Unbranded --,-- No Unilog Brand --,-- No DIB Brand --,-
73019648,Finyline Wh 8' Str Rail Kit Sq,-- Unbranded --,-- No Unilog Brand --,-- No DIB Brand --,-
73019598,Finyline Wh 6' Str Rail Kit Rd - w/Black Alum Balusters,-- Unbranded --,-- No Unilog Brand --,-- No DIB Brand --,-
73019647,Finyline Wh 8' Str Rail Kit Rd - w/Black Alum Balusters,-- Unbranded --,-- No Unilog Brand --,-- No DIB Brand --,-
543300257,6' Black Select Classic Stair - Rail w/Rnd Black Alum Baluster,TREX,-- No Unilog Brand --,-- No DIB Brand --,Boise Cascade Building Materials (BOICA)
543300277,8' Black Select Classic Stair - Rail w/Rnd Black Alum Baluster,TREX,-- No Unilog Brand --,-- No DIB Brand --,Boise Cascade Building Materials (BOICA)
SPB-44BPL,"Patriot 4""x4""x37""/43"" Adjustable Self Leveling Support Post",-- Unbranded --,-- No Unilog Brand --,-- No DIB Brand --,-
925219,"2""x50' Deck Joist Tape - Protecto Wrap",-- Unbranded --,-- No Unilog Brand --,-- No DIB Brand --,Palmer Donavin Mfg Company (PALDO)
27233,24x48 WH Attic Access Door,AJM,-- No Unilog Brand --,-- No DIB Brand --,A J Manufacturing Inc (AJMAN)
1517602,6068R Gliding Patio Dr 4500 United Blk Ext/WH Int LowE Arg w/J,United Window & Door,-- No Unilog Brand --,-- No DIB Brand --,United Window & Door Manufacturing (UNIWI)
1517603,6068L Gliding Patio Dr 4500 United Blk Ext/WH Int LowE Arg w/J,United Window & Door,-- No Unilog Brand --,-- No DIB Brand --,United Window & Door Manufacturing (UNIWI)
1517604,6068L Gliding Patio Dr 4500 United White LowE Arg w/J,United Window & Door,-- No Unilog Brand --,-- No DIB Brand --,United Window & Door Manufacturing (UNIWI)
1517605,6068R Gliding Patio Dr 4500 United White LowE Arg w/J,United Window & Door,-- No Unilog Brand --,-- No DIB Brand --,United Window & Door Manufacturing (UNIWI)
FS C01 2004S,"FS C01 Velux Fxd Skylt Gry/Wh - w/Solar Shade RO 21""x26-7/8""",-- Unbranded --,-- No Unilog Brand --,-- No DIB Brand --,Velux America Inc (VELAM)
FS C04 2004S,"FS C04 Velux Fxd Skylt Gry/Wh - w/Solar Shade RO 21""x37-7/8""",-- Unbranded --,-- No Unilog Brand --,-- No DIB Brand --,Velux America Inc (VELAM)
FS C06 2004S,"FS C06 Velux Fxd Skylt Gry/Wh - w/Solar Shade RO 21""x45-7/8""",-- Unbranded --,-- No Unilog Brand --,-- No DIB Brand --,Velux America Inc (VELAM)
1501831,31.5x14.75 Bsmt ecoLitePlus WH - Hopper DLA w/Screen,PROVIA,-- No Unilog Brand --,-- No DIB Brand --,ProVia (PRODO)
1501832,31.5x22.75 Bsmt ecoLitePlus WH - Hopper DLA w/Screen,PROVIA,-- No Unilog Brand --,-- No DIB Brand --,ProVia (PRODO)
1515974,3030 Slider 3900 United Black WH Int LowE-2 w/Half Scrn w/J,United Window & Door,-- No Unilog Brand --,-- No DIB Brand --,-
640383,"1/2"" 54""x10 Drywall Easi-Lite",-- Unbranded --,-- No Unilog Brand --,-- No DIB Brand --,Certainteed Gypsum (2765)
653258,"5/8"" 4x9 Drywall Firelite",-- Unbranded --,-- No Unilog Brand --,-- No DIB Brand --,Certainteed Gypsum (2765)
413S-DBA-36,"413S 36"" Alum Threshold DBZ",HAGER,-- No Unilog Brand --,-- No DIB Brand --,Hager Hinge Co (4189)
413S-DBA-72,"413S 72"" Alum Threshold DBZ",HAGER,-- No Unilog Brand --,-- No DIB Brand --,Hager Hinge Co (4189)
1511506,4'x65' Zip Rainscreen,-- Unbranded --,-- No Unilog Brand --,-- No DIB Brand --,Huber Eng Wood LLC (3158)
1513577,1x8-12' Doug Fir STK Smooth 1S2E,COMMODITY - UNBRANDED,-- No Unilog Brand --,-- No DIB Brand --,Westwood Lumber Sales (WESLU)
1513578,1x8-16' Doug Fir STK Smooth 1S2E,COMMODITY - UNBRANDED,-- No Unilog Brand --,-- No DIB Brand --,Westwood Lumber Sales (WESLU)
1513579,1x12-12 'Doug Fir STK Smooth 1S2E,COMMODITY - UNBRANDED,-- No Unilog Brand --,-- No DIB Brand --,Westwood Lumber Sales (WESLU)
1513580,1x12-16' Doug Fir STK Smooth 1S2E,COMMODITY - UNBRANDED,-- No Unilog Brand --,-- No DIB Brand --,Westwood Lumber Sales (WESLU)
1501767,"3/4"" 4x8T&G Huber Blue PlusOSB - Sub Floor",-- Unbranded --,-- No Unilog Brand --,-- No DIB Brand --,-
PP-8BL,8' Premier Rib XL Black,-- Unbranded --,-- No Unilog Brand --,-- No DIB Brand --,Premier Metals (PREME)
PP-10BL,10' Premier Rib XL Black,-- Unbranded --,-- No Unilog Brand --,-- No DIB Brand --,Premier Metals (PREME)
PP-12BL,12' Premier Rib XL Black,-- Unbranded --,-- No Unilog Brand --,-- No DIB Brand --,Premier Metals (PREME)
PP-8CH,8' Premier Rib XL Charcoal,-- Unbranded --,-- No Unilog Brand --,-- No DIB Brand --,Premier Metals (PREME)
PP-10CH,10' Premier Rib XL Charcoal,-- Unbranded --,-- No Unilog Brand --,-- No DIB Brand --,Premier Metals (PREME)
PP-12CH,12' Premier Rib XL Charcoal,-- Unbranded --,-- No Unilog Brand --,-- No DIB Brand --,Premier Metals (PREME)
PP-8WH,8' Premier Rib XL White,-- Unbranded --,-- No Unilog Brand --,-- No DIB Brand --,Premier Metals (PREME)
PP-10WH,10' Premier Rib XL White,-- Unbranded --,-- No Unilog Brand --,-- No DIB Brand --,Premier Metals (PREME)
1504345,OC Duration TruDef Wburg Gray (BDL),-- Unbranded --,-- No Unilog Brand --,-- No DIB Brand --,Palmer Donavin Mfg Company (PALDO)
2733,3'x65' Henry Eaveguard - Ice Guard,-- Unbranded --,-- No Unilog Brand --,-- No DIB Brand --,Palmer Donavin Mfg Company (PALDO)
7547,Ice Guard OC Weathr Lk Mat 2sq,-- Unbranded --,-- No Unilog Brand --,-- No DIB Brand --,-
8912220,"7-1/4""x12' Hardie Sdg Smooth - Primed HardiePlank",JAMESHARDIE,-- No Unilog Brand --,-- No DIB Brand --,Boise Cascade Building Materials (BOICA)
8904015,4'x10' HardiePanel Smooth - Primed,JAMESHARDIE,-- No Unilog Brand --,-- No DIB Brand --,Boise Cascade Building Materials (BOICA)
25796,"6""x16' Smart Lap Sdg Cedar",LP SMARTSIDE,-- No Unilog Brand --,-- No DIB Brand --,U S Lumber (3073)
40503,"3/8"" 16""x16' Smart Pan Cedar - No-Groove Sq Edge B&B",LP SMARTSIDE,-- No Unilog Brand --,-- No DIB Brand --,U S Lumber (3073)
25825,"3/8"" 4x10 Smart Pan Cedar - No-Groove w/Shiplap Edges",LP SMARTSIDE,-- No Unilog Brand --,-- No DIB Brand --,U S Lumber (3073)
25822,"3/8"" 12""x16' Smart Vented Soff - Cedar Soffit",LP SMARTSIDE,-- No Unilog Brand --,-- No DIB Brand --,U S Lumber (3073)
543650101,Black Alum ADA Wall Mount Trex,TREX,-- No Unilog Brand --,-- No DIB Brand --,Boise Cascade Building Materials (BOICA)
543650010,Black Alum ADA Int End Cap - Trex,TREX,-- No Unilog Brand --,-- No DIB Brand --,Boise Cascade Building Materials (BOICA)
543650048,8' Black Alum ADA Rail Trex,TREX,-- No Unilog Brand --,-- No DIB Brand --,Boise Cascade Building Materials (BOICA)
1506969,"1-1/2"" 4x8 Huber Zip R6.6 - Insulated R-Sheathing",-- Unbranded --,-- No Unilog Brand --,-- No DIB Brand --,-
1514681,"1"" 4x8 Huber Zip R3.6 - Insulated R-Sheathing",-- Unbranded --,-- No Unilog Brand --,-- No DIB Brand --,-
1514726,"2"" 4x8 Huber Zip R9.6 - Insulated R-Sheathing",-- Unbranded --,-- No Unilog Brand --,-- No DIB Brand --,-
1728ABL,2x2 Black Fine Fissured 1728BL,-- Unbranded --,-- No Unilog Brand --,-- No DIB Brand --,Palmer Donavin Mfg Company (PALDO)
402-R,402R 12V12AH 8D Battery,-- Unbranded --,-- No Unilog Brand --,-- No DIB Brand --,MillerTech Energy Solutions (MILTE)
SL1672,SL1672 Jumpstart & Pwr Supply,-- Unbranded --,-- No Unilog Brand --,Schumacher,-
BM-DW20-YLW-6,BM-DW20-YLW-6 Dewalt - Battery Mounts 6pk,-- Unbranded --,-- No Unilog Brand --,StealthMounts,Metalmark Industrial Inc (METIN)
BHA1-UPC,16-24 Adjust Hanger,-- Unbranded --,-- No Unilog Brand --,Southwire,Southwire/g Turner (6603)
G1941-UPC,"G1941UPC 4"" Sq Cover Sw/Outlet",-- Unbranded --,-- No Unilog Brand --,Southwire,Southwire/g Turner (6603)
G1950-UPC,4x4 2G GFI Box Cover,-- Unbranded --,-- No Unilog Brand --,Southwire,Southwire/g Turner (6603)
A410RCAR,4x4 1G PVC Box Cover,-- Unbranded --,-- No Unilog Brand --,Carlon,Thomas & Betts (7405)
G1951-UPC,4x4 2G GFCI Duplex Box Cover,-- Unbranded --,-- No Unilog Brand --,Southwire,Southwire/g Turner (6603)
52C3-5/8-UPC,4x4 1G Box Cover,-- Unbranded --,-- No Unilog Brand --,Southwire,Southwire/g Turner (6603)
52C14-5/8-UPC,4x4 1G Box Cover,-- Unbranded --,-- No Unilog Brand --,Southwire,Southwire/g Turner (6603)
52C3-UPC,4x4 1G Box Cover,-- Unbranded --,-- No Unilog Brand --,Southwire,Southwire/g Turner (6603)
54151-F-UPC,4x4x1-1/2 Oct Box w/Bracket,-- Unbranded --,-- No Unilog Brand --,Southwire,Southwire/g Turner (6603)
54151-HUR-UPC,4x4x1-1/2 Oct Box w/Hanger,-- Unbranded --,-- No Unilog Brand --,Southwire,Southwire/g Turner (6603)
54151-JR-UPC,4x4x1-1/2 Oct Box w/Brakcet,-- Unbranded --,-- No Unilog Brand --,Southwire,Southwire/g Turner (6603)
54171-R-UPC,4x4x2 Oct Box,-- Unbranded --,-- No Unilog Brand --,Southwire,Southwire/g Turner (6603)
52151-S-UPC,4x4x1-1/2 Square Box,-- Unbranded --,-- No Unilog Brand --,Southwire,Southwire/g Turner (6603)
72171-3/4-1W-UPC,4-1/2x4-1/2x2 2G Box,-- Unbranded --,-- No Unilog Brand --,Southwire,Southwire/g Turner (6603)
5522-5EV,5522-5EV 2 Port Decor Plate,-- Unbranded --,-- No Unilog Brand --,-- No DIB Brand --,Cooper Wiring Devices (3560)
AYCL-153PH-LA,AYCL-153PH-LA Lutron Dimmer LA,-- Unbranded --,-- No Unilog Brand --,-- No DIB Brand --,Fenton Bros Electric Inc (FENBR)
AYCL-153PH-WH,AYCL-153PH-WH Lutron Dimmer Wh,-- Unbranded --,-- No Unilog Brand --,-- No DIB Brand --,Fenton Bros Electric Inc (FENBR)
D23LP-R02-1RW,D23LPR021RW Plug In Dimmer Wh,-- Unbranded --,-- No Unilog Brand --,Leviton,Leviton Mfg Co (4927)
TNOCD002,TNOCD002 125V Outdooor Timer,-- Unbranded --,-- No Unilog Brand --,Prime,Prime Wire & Cable (3562)
TNDHD002,TNDHD002 125V 7Day Timer,-- Unbranded --,-- No Unilog Brand --,Prime,Prime Wire & Cable (3562)
TNIDP12,TNIDP12 125V Dig Indoor Timer,-- Unbranded --,-- No Unilog Brand --,Prime,Prime Wire & Cable (3562)
TNIW24,TNIW24 125V 24hr Mech Timer,-- Unbranded --,-- No Unilog Brand --,Prime,Prime Wire & Cable (3562)
65-1222,65-1222 1' Led Lt Multi CCT,-- Unbranded --,-- No Unilog Brand --,-- No DIB Brand --,Satco Prod Inc (5573)
65-1224,65-1224 4' Led Strip Light,-- Unbranded --,-- No Unilog Brand --,Satco,Satco Prod Inc (5573)
45297BK,45297BK Kichler Wall Lt,-- Unbranded --,-- No Unilog Brand --,-- No DIB Brand --,Kichler Lighting (KICLI)
45573BK,45573BK Kichler Wall Light,-- Unbranded --,-- No Unilog Brand --,-- No DIB Brand --,Kichler Lighting (KICLI)
37418A,37418A Kichler Bath Light,-- Unbranded --,-- No Unilog Brand --,-- No DIB Brand --,Kichler Lighting (KICLI)
37423A,37423A Kichler Bath Light,-- Unbranded --,-- No Unilog Brand --,-- No DIB Brand --,Kichler Lighting (KICLI)
45496BKCLR,45496BKCLR Kichler Bath Light,-- Unbranded --,-- No Unilog Brand --,-- No DIB Brand --,Kichler Lighting (KICLI)
45973BK,45973BK Kichler Wall Light,-- Unbranded --,-- No Unilog Brand --,-- No DIB Brand --,Kichler Lighting (KICLI)
55155BK,55155BK Kichler Wall Lt,-- Unbranded --,-- No Unilog Brand --,-- No DIB Brand --,Kichler Lighting (KICLI)
55157CPZ,55157CPZ Kichler Wall Light,-- Unbranded --,-- No Unilog Brand --,-- No DIB Brand --,Kichler Lighting (KICLI)
55184BK,55184BK Kichler Wall Lt,-- Unbranded --,-- No Unilog Brand --,-- No DIB Brand --,Kichler Lighting (KICLI)
55185BK,55185BK Kichler Wall Lt,-- Unbranded --,-- No Unilog Brand --,-- No DIB Brand --,Kichler Lighting (KICLI)
55186CH,55186CH Kichler Wall Lt,-- Unbranded --,-- No Unilog Brand --,-- No DIB Brand --,Kichler Lighting (KICLI)
55210NI,55210NI Kichler Wall Light,-- Unbranded --,-- No Unilog Brand --,-- No DIB Brand --,Kichler Lighting (KICLI)
55211BK,55211BK Kichler Wall Light,-- Unbranded --,-- No Unilog Brand --,-- No DIB Brand --,Kichler Lighting (KICLI)
55211NI,55211NI Kichler Wall Light,-- Unbranded --,-- No Unilog Brand --,-- No DIB Brand --,Kichler Lighting (KICLI)
55212NI,55212NI Kichler Wall Light,-- Unbranded --,-- No Unilog Brand --,-- No DIB Brand --,Kichler Lighting (KICLI)
55226BKLFU,55226BKFLU Kichler Wall Lt,-- Unbranded --,-- No Unilog Brand --,-- No DIB Brand --,Kichler Lighting (KICLI)
55239CPZLED,55239CPZLED Kichler Wall Lt,-- Unbranded --,-- No Unilog Brand --,-- No DIB Brand --,Kichler Lighting (KICLI)
44072DBK,44072DBK Kichler Chandelier Lt,-- Unbranded --,-- No Unilog Brand --,-- No DIB Brand --,Kichler Lighting (KICLI)
44073NI,44073NI Kichler Chandelier Lt,-- Unbranded --,-- No Unilog Brand --,-- No DIB Brand --,Kichler Lighting (KICLI)
52033BK,52033BK Kichler Chandelier Lt,-- Unbranded --,-- No Unilog Brand --,-- No DIB Brand --,Kichler Lighting (KICLI)
84322WH,84322WH Kichler Chandelier Lt,-- Unbranded --,-- No Unilog Brand --,-- No DIB Brand --,Kichler Lighting (KICLI)
52404BK,52404BK Kichler Chandelier Lt,-- Unbranded --,-- No Unilog Brand --,-- No DIB Brand --,Kichler Lighting (KICLI)
34686A,34686A Kichler Chandelier Lt,-- Unbranded --,-- No Unilog Brand --,-- No DIB Brand --,Kichler Lighting (KICLI)
34687A,34687A Kichler Chandelier Lt,-- Unbranded --,-- No Unilog Brand --,-- No DIB Brand --,Kichler Lighting (KICLI)
34688A,34688A Kichler Chandelier Lt,-- Unbranded --,-- No Unilog Brand --,-- No DIB Brand --,-
43671BKCLR,43671BKCLR Kichler Chand Lt,-- Unbranded --,-- No Unilog Brand --,-- No DIB Brand --,Kichler Lighting (KICLI)
52616BK,52616BK Kichler Chandelier Lt,-- Unbranded --,-- No Unilog Brand --,-- No DIB Brand --,Kichler Lighting (KICLI)
52616NI,52616NI Kichler Chandelier Lt,-- Unbranded --,-- No Unilog Brand --,-- No DIB Brand --,Kichler Lighting (KICLI)
52678BK,52678BK Kichler Chandelier Lt,-- Unbranded --,-- No Unilog Brand --,-- No DIB Brand --,Kichler Lighting (KICLI)
52680CPZ,52680CPZ Kichler Chandelier Lt,-- Unbranded --,-- No Unilog Brand --,-- No DIB Brand --,Kichler Lighting (KICLI)
52772BK,52772BK Kichler Chandelier Lt,-- Unbranded --,-- No Unilog Brand --,-- No DIB Brand --,Kichler Lighting (KICLI)
82399,82399 Kichler Chandelier Lt,-- Unbranded --,-- No Unilog Brand --,-- No DIB Brand --,Kichler Lighting (KICLI)
65-771R3,65-771R3 Nuvo Highbay Light,-- Unbranded --,-- No Unilog Brand --,-- No DIB Brand --,Satco Prod Inc (5573)
42955BK,42955BK Kichler Ceiling Lt,-- Unbranded --,-- No Unilog Brand --,-- No DIB Brand --,Kichler Lighting (KICLI)
42275BK,42275BK Kichler Ceiling Lt,-- Unbranded --,-- No Unilog Brand --,-- No DIB Brand --,Kichler Lighting (KICLI)
62-1850,"62-1850 11"" Led Ceiling Light",-- Unbranded --,-- No Unilog Brand --,-- No DIB Brand --,Satco Prod Inc (5573)
62-1852,"62-1852 14"" Satco Led Ceiling Lt",-- Unbranded --,-- No Unilog Brand --,-- No DIB Brand --,Satco Prod Inc (5573)
62-1875,"62-1875 10"" Led Ceiling Lt Bn",-- Unbranded --,-- No Unilog Brand --,-- No DIB Brand --,Satco Prod Inc (5573)
62-1876,"62-1876 13"" Satco Ceiling Light BN",-- Unbranded --,-- No Unilog Brand --,-- No DIB Brand --,Satco Prod Inc (5573)
42296BK,42296BK Kichler Ceiling Lt,-- Unbranded --,-- No Unilog Brand --,-- No DIB Brand --,Kichler Lighting (KICLI)
43913BK,43913BK Kichler Pendant Lt,-- Unbranded --,-- No Unilog Brand --,-- No DIB Brand --,Kichler Lighting (KICLI)
HLSMS9129FS1E,"HLSMS9129FS1E 9"" Motion Lt",-- Unbranded --,-- No Unilog Brand --,-- No DIB Brand --,Cooper Lighting (7638)
64-110,64-110 Satco Tape Light 16',-- Unbranded --,-- No Unilog Brand --,-- No DIB Brand --,Satco Prod Inc (5573)
603571,603571 3' Strip Light Ext,-- Unbranded --,-- No Unilog Brand --,Wiz,Phillips Lighting (5831)
65-572R1,65572 Satco 2x4 Led Flat Panel,-- Unbranded --,-- No Unilog Brand --,-- No DIB Brand --,Satco Prod Inc (5573)
52476AVI,52476AVI Kichler Pendant Lt,-- Unbranded --,-- No Unilog Brand --,-- No DIB Brand --,Kichler Lighting (KICLI)
42199BK,42199BK Kichler Pendant Lt,-- Unbranded --,-- No Unilog Brand --,-- No DIB Brand --,Kichler Lighting (KICLI)
42199BKCS,42199BKCS Kichler Pendant Lt,-- Unbranded --,-- No Unilog Brand --,-- No DIB Brand --,Kichler Lighting (KICLI)
42200BK,42200BK Kichler Pendant Lt,-- Unbranded --,-- No Unilog Brand --,-- No DIB Brand --,Kichler Lighting (KICLI)
42200BKCS,42200BKCS Kichler Pendant Lt,-- Unbranded --,-- No Unilog Brand --,-- No DIB Brand --,Kichler Lighting (KICLI)
43851BK,43851BK Kichler Pendant Lt,-- Unbranded --,-- No Unilog Brand --,-- No DIB Brand --,Kichler Lighting (KICLI)
43852BK,43852BK Kichler Pendant Lt,-- Unbranded --,-- No Unilog Brand --,-- No DIB Brand --,Kichler Lighting (KICLI)
43853BK,43853BK Kichler Pendant Lt,-- Unbranded --,-- No Unilog Brand --,-- No DIB Brand --,Kichler Lighting (KICLI)
43905BK,43905BK Kichler Pendant Lt,-- Unbranded --,-- No Unilog Brand --,-- No DIB Brand --,Kichler Lighting (KICLI)
43911BK,43911BK Kichler Pendant Lt,-- Unbranded --,-- No Unilog Brand --,-- No DIB Brand --,Kichler Lighting (KICLI)
52529BK,52529BK Kichler Pendant Light,-- Unbranded --,-- No Unilog Brand --,-- No DIB Brand --,Kichler Lighting (KICLI)
52662BKCLR,52662BKCLR Kichler Pendant Lt,-- Unbranded --,-- No Unilog Brand --,-- No DIB Brand --,Kichler Lighting (KICLI)
52734CPZ,52734CPZ Kichler Pendant Light,-- Unbranded --,-- No Unilog Brand --,-- No DIB Brand --,Kichler Lighting (KICLI)
82400,82400 Kichler Pendant Lt,-- Unbranded --,-- No Unilog Brand --,-- No DIB Brand --,Kichler Lighting (KICLI)
S11606,"S11606 8"" Round Down Lt 30K",-- Unbranded --,-- No Unilog Brand --,-- No DIB Brand --,Satco Prod Inc (5573)
S11828,"S11828 8"" Led Down Light",-- Unbranded --,-- No Unilog Brand --,-- No DIB Brand --,Satco Prod Inc (5573)
801274,"801274 10w LED 6"" Retro 50k",-- Unbranded --,-- No Unilog Brand --,Philips,Phillips Lighting (5831)
S11860,"S11860 6"" Downlight White 5 CCT",-- Unbranded --,-- No Unilog Brand --,-- No DIB Brand --,Satco Prod Inc (5573)
S11562,"S11562 Starfish 6"" D/W Downlight",-- Unbranded --,-- No Unilog Brand --,-- No DIB Brand --,Satco Prod Inc (5573)
S11646,"S11646 6"" Downlight Wh",-- Unbranded --,-- No Unilog Brand --,-- No DIB Brand --,Satco Prod Inc (5573)
S11801R1,"S11801R1 6"" Led Downlight Wh",-- Unbranded --,-- No Unilog Brand --,-- No DIB Brand --,Satco Prod Inc (5573)
S11848,"S11848 10"" Down Light Wh",-- Unbranded --,-- No Unilog Brand --,-- No DIB Brand --,Satco Prod Inc (5573)
S11849,"S11849 12"" Down Light Wh",-- Unbranded --,-- No Unilog Brand --,-- No DIB Brand --,Satco Prod Inc (5573)
HLBSL609FS5,"HLBSL609FS5 6"" Down Light",-- Unbranded --,-- No Unilog Brand --,-- No DIB Brand --,Cooper Lighting (7638)
WF4REGSWW590CRIMW,"WF4REGSWW590CRIMW 4"" Down Light",-- Unbranded --,-- No Unilog Brand --,-- No DIB Brand --,Lithonia Lighting (2776)
43849WH5CCT,43849WH5CCT Kichler Ceiling Lt,-- Unbranded --,-- No Unilog Brand --,-- No DIB Brand --,Kichler Lighting (KICLI)
62-1777,"62-1777 15"" Ceiling Lt Wh",-- Unbranded --,-- No Unilog Brand --,-- No DIB Brand --,Satco Prod Inc (5573)
62-1778,"62-1778 19"" Ceiling Lt Wh",-- Unbranded --,-- No Unilog Brand --,-- No DIB Brand --,Satco Prod Inc (5573)
62-1784,62-1784 24x24 Led Ceiling Lt,-- Unbranded --,-- No Unilog Brand --,-- No DIB Brand --,Satco Prod Inc (5573)
62-1787,"62-1787 15"" Ceiling Lt Bk",-- Unbranded --,-- No Unilog Brand --,-- No DIB Brand --,Satco Prod Inc (5573)
62-1788,"62-1788 19"" Ceiling Lt Bk",-- Unbranded --,-- No Unilog Brand --,-- No DIB Brand --,Satco Prod Inc (5573)
SHOP/4X2/840/V1,4' Feit Shop Light 4500L 40k,-- Unbranded --,-- No Unilog Brand --,Feit Electric,Feit Electric (3468)
45495BKCLR,45495BKCLR Kichler Wall Lt,-- Unbranded --,-- No Unilog Brand --,-- No DIB Brand --,Kichler Lighting (KICLI)
55209NI,55209NI Kichler Wall Sconce,-- Unbranded --,-- No Unilog Brand --,-- No DIB Brand --,Kichler Lighting (KICLI)
65-1210,65-1210 2' LED Wrap Lt,-- Unbranded --,-- No Unilog Brand --,-- No DIB Brand --,Satco Prod Inc (5573)
65-1211,65-1211 4' Led Wrap Light,-- Unbranded --,-- No Unilog Brand --,-- No DIB Brand --,Satco Prod Inc (5573)
141465,"141465 15W Flor 18"" T12 27k",-- Unbranded --,-- No Unilog Brand --,Philips,Phillips Lighting (5831)
391227,"391227 32W Led 12"" T9 30K",-- Unbranded --,-- No Unilog Brand --,Philips,Phillips Lighting (5831)
392225,"392225 22W Flor 8"" T9 30k",-- Unbranded --,-- No Unilog Brand --,Philips,Phillips Lighting (5831)
S3539,S3539 20W Halogen Pin T4,-- Unbranded --,-- No Unilog Brand --,Satco,Satco Prod Inc (5573)
S3496,S3496 300W Halogen T3 Bulb,-- Unbranded --,-- No Unilog Brand --,Satco,Satco Prod Inc (5573)
467316,467316 150W Sodium Med 21k,-- Unbranded --,-- No Unilog Brand --,Philips,Phillips Lighting (5831)
S3709,S3709 25W Incan 27K,-- Unbranded --,-- No Unilog Brand --,Satco,Satco Prod Inc (5573)
S4720,S4720 25W Incan 27K,-- Unbranded --,-- No Unilog Brand --,Satco,Satco Prod Inc (5573)
S3720,S3720 40w Inc A15 Med 26k,-- Unbranded --,-- No Unilog Brand --,Satco,Satco Prod Inc (5573)
S3702,S3702 40W Incan Med 27K,-- Unbranded --,-- No Unilog Brand --,Satco,Satco Prod Inc (5573)
S3703,S3703 40W Incan Med 27K,-- Unbranded --,-- No Unilog Brand --,Satco,Satco Prod Inc (5573)
S3797,S3797 4W Incan Cand 27K 2pk,-- Unbranded --,-- No Unilog Brand --,Satco,Satco Prod Inc (5573)
S4724,S4724 4W Incan Cand 27K 4pk,-- Unbranded --,-- No Unilog Brand --,Satco,Satco Prod Inc (5573)
S4717,S4717 6W Incan Cand 27k 2pk,-- Unbranded --,-- No Unilog Brand --,Satco,Satco Prod Inc (5573)
S3794,S3794 7W Incan Med 27K,-- Unbranded --,-- No Unilog Brand --,Satco,Satco Prod Inc (5573)
S3795,S3795 7W Incan Med 27K,-- Unbranded --,-- No Unilog Brand --,Satco,Satco Prod Inc (5573)
S4726,S4726 7W Incan Cand 27K 4pk,-- Unbranded --,-- No Unilog Brand --,Satco,Satco Prod Inc (5573)
S11429,S11429 60W Led Bulb 27K,-- Unbranded --,-- No Unilog Brand --,Satco,Satco Prod Inc (5573)
S21354,S21354 8W Led T9 Med 27k,-- Unbranded --,-- No Unilog Brand --,-- No DIB Brand --,Satco Prod Inc (5573)
S21363,S21363 8W Led Edison ST19 27K,-- Unbranded --,-- No Unilog Brand --,-- No DIB Brand --,Satco Prod Inc (5573)
S11445,S11445 12W Led Med 30k Motion,-- Unbranded --,-- No Unilog Brand --,-- No DIB Brand --,Satco Prod Inc (5573)
567313,567313 50W Led MR16 30K 3pk,-- Unbranded --,-- No Unilog Brand --,Philips,Phillips Lighting (5831)
586875,586875 60W Led Multi CCT 4pk,-- Unbranded --,-- No Unilog Brand --,Philips,Phillips Lighting (5831)
576355,576355 60/100/150 Led Med 50k,-- Unbranded --,-- No Unilog Brand --,Philips,Phillips Lighting (5831)
576363,576363 100/150/200 Led Med 27k,-- Unbranded --,-- No Unilog Brand --,Philips,Phillips Lighting (5831)
565374,565374 75W Led A19 Med 27k 4pk,-- Unbranded --,-- No Unilog Brand --,Philips,Phillips Lighting (5831)
565390,565390 75W Led A19 Med 50k 4pk,-- Unbranded --,-- No Unilog Brand --,Philips,Phillips Lighting (5831)
576371,576371 100/150/200 Led Med 50k,-- Unbranded --,-- No Unilog Brand --,Philips,Phillips Lighting (5831)
576496,576496 45W Led R20 Med 27k,-- Unbranded --,-- No Unilog Brand --,Philips,Phillips Lighting (5831)
564856,564856 40W Led ST19 27k 2pk,-- Unbranded --,-- No Unilog Brand --,Philips,Phillips Lighting (5831)
565796,565796 60W Led A19 Med 20k,-- Unbranded --,-- No Unilog Brand --,Philips,Phillips Lighting (5831)
576389,576389 100/200/300 Led Med 27k,-- Unbranded --,-- No Unilog Brand --,Philips,Phillips Lighting (5831)
564492,564492 75W Adj Base 27k 3pk,-- Unbranded --,-- No Unilog Brand --,Philips,Phillips Lighting (5831)
603449,603449 Wiz 60W Led Med Clr Ch,-- Unbranded --,-- No Unilog Brand --,Wiz,Phillips Lighting (5831)
586909,586909 Led 60W Med A19 27K,-- Unbranded --,-- No Unilog Brand --,Philips,Phillips Lighting (5831)
566364,566364 75W Led ST19 27k 4pk,-- Unbranded --,-- No Unilog Brand --,Philips,Phillips Lighting (5831)
576397,576394 100/200/300 Led A23 50k,-- Unbranded --,-- No Unilog Brand --,Philips,Phillips Lighting (5831)
571497,571497 150W Led Med 27k,-- Unbranded --,-- No Unilog Brand --,Philips,Phillips Lighting (5831)
576306,576306 40W Led A19 5CCT 4pk,-- Unbranded --,-- No Unilog Brand --,Philips,Phillips Lighting (5831)
588533,588533 40W Led Cand 3pk,-- Unbranded --,-- No Unilog Brand --,Philips,Phillips Lighting (5831)
576520,576520 65W Led Med 27k,-- Unbranded --,-- No Unilog Brand --,Philips,Phillips Lighting (5831)
574004,574004 75W Led ST19 27k 2pk,-- Unbranded --,-- No Unilog Brand --,Philips,Phillips Lighting (5831)
574012,574012 75W Led ST19 50k 2pk,-- Unbranded --,-- No Unilog Brand --,Philips,Phillips Lighting (5831)
573971,573971 75W Led ST19 20k 4pk,-- Unbranded --,-- No Unilog Brand --,Philips,Phillips Lighting (5831)
573989,573989 40W Led Med 27K 4pk,-- Unbranded --,-- No Unilog Brand --,Philips,Phillips Lighting (5831)
576769,576769 65W Led BR30 Med 27k,-- Unbranded --,-- No Unilog Brand --,Philips,Phillips Lighting (5831)
567446,567446 60W Led Med 50K 3pk,-- Unbranded --,-- No Unilog Brand --,Philips,Phillips Lighting (5831)
573997,573997 40W Led Med 50k 4pk,-- Unbranded --,-- No Unilog Brand --,Philips,Phillips Lighting (5831)
571463,571463 100W Led BR30 Med 50k,-- Unbranded --,-- No Unilog Brand --,Philips,Phillips Lighting (5831)
576512,576512 65W Led BR40 Med 27k,-- Unbranded --,-- No Unilog Brand --,Philips,Phillips Lighting (5831)
581181,581181 40W Led Med 2pk,-- Unbranded --,-- No Unilog Brand --,Philips,Phillips Lighting (5831)
GT-CB-100C,GTCB100C Led 100W Cob Bulb,-- Unbranded --,-- No Unilog Brand --,GT-Lite,Keystone (5702)
566430,566430 75W Led Med 50k 4pk,-- Unbranded --,-- No Unilog Brand --,Philips,Phillips Lighting (5831)
568337,568337 120W Led Par38 Med 50k,-- Unbranded --,-- No Unilog Brand --,Philips,Phillips Lighting (5831)
565788,565788 40W Led A19 Med 27k,-- Unbranded --,-- No Unilog Brand --,Philips,Phillips Lighting (5831)
565770,565770 40W Led A19 Med 50k,-- Unbranded --,-- No Unilog Brand --,Philips,Phillips Lighting (5831)
573436,573436 60W Led A19 Med 27k 2pk,-- Unbranded --,-- No Unilog Brand --,Philips,Phillips Lighting (5831)
576538,576538 65W Led BR30 Med 50k,-- Unbranded --,-- No Unilog Brand --,Philips,Phillips Lighting (5831)
573451,573451 40W Led Med 27k 2pk,-- Unbranded --,-- No Unilog Brand --,Philips,Phillips Lighting (5831)
586883,586883 100W Led Multi CCT 2pk,-- Unbranded --,-- No Unilog Brand --,Philips,Phillips Lighting (5831)
586859,586859 40W Led Med 27K Back Up,-- Unbranded --,-- No Unilog Brand --,Philips,Phillips Lighting (5831)
576488,576488 45W Led R20 Med 50k,-- Unbranded --,-- No Unilog Brand --,Philips,Phillips Lighting (5831)
575217,575217 60W Led Med 50k 2pk,-- Unbranded --,-- No Unilog Brand --,Philips,Phillips Lighting (5831)
586479,586479 90W Led Med Multi CCT,-- Unbranded --,-- No Unilog Brand --,Philips,Phillips Lighting (5831)
571471,571471 100W Led BR30 Med 27k,-- Unbranded --,-- No Unilog Brand --,Philips,Phillips Lighting (5831)
570762,570762 50W Led Par16 30k 3pk,-- Unbranded --,-- No Unilog Brand --,Philips,Phillips Lighting (5831)
533352,571505 150W Led Med 50k,-- Unbranded --,-- No Unilog Brand --,Philips,Phillips Lighting (5831)
573519,573519 100W Led A21 27k 2pk,-- Unbranded --,-- No Unilog Brand --,Philips,Phillips Lighting (5831)
573378,573378 60W Led Med 27k 3pk,-- Unbranded --,-- No Unilog Brand --,Philips,Phillips Lighting (5831)
565622,565622 60W Led Med 20k,-- Unbranded --,-- No Unilog Brand --,Philips,Phillips Lighting (5831)
586891,586891 Led 60W Med A19 27k,-- Unbranded --,-- No Unilog Brand --,Philips,Phillips Lighting (5831)
585448,585448 120W Led Motion Bulb,-- Unbranded --,-- No Unilog Brand --,Philips,Phillips Lighting (5831)
573444,573444 60W Led A19 Med 50k 2pk,-- Unbranded --,-- No Unilog Brand --,Philips,Phillips Lighting (5831)
566687,566687 60W Cand Led 27k 3pk,-- Unbranded --,-- No Unilog Brand --,Philips,Phillips Lighting (5831)
564385,564385 40w Led Med 27k 2pk,-- Unbranded --,-- No Unilog Brand --,Philips,Phillips Lighting (5831)
566661,566661 40W LED Cand 27k 3pk,-- Unbranded --,-- No Unilog Brand --,Philips,Phillips Lighting (5831)
564898,564898 60W Cand Led 50k 3pk,-- Unbranded --,-- No Unilog Brand --,Philips,Phillips Lighting (5831)
538319,588525 40W Led Cand 3pk,-- Unbranded --,-- No Unilog Brand --,Philips,Phillips Lighting (5831)
576009,576009 100W Led Par30L Med 50k,-- Unbranded --,-- No Unilog Brand --,Philips,Phillips Lighting (5831)
564450,564450 40W Led Cand 27k 2pk,-- Unbranded --,-- No Unilog Brand --,Philips,Phillips Lighting (5831)
572669,572669 60W Led F15 Med 27k,-- Unbranded --,-- No Unilog Brand --,Philips,Phillips Lighting (5831)
564906,564906 60W Led Med 27k 2pk,-- Unbranded --,-- No Unilog Brand --,Philips,Phillips Lighting (5831)
573410,573410 40W Led A19 Med 27k 2pk,-- Unbranded --,-- No Unilog Brand --,Philips,Phillips Lighting (5831)
576504,576504 65W Led BR40 Med 50k,-- Unbranded --,-- No Unilog Brand --,Philips,Phillips Lighting (5831)
576017,576017 100W Led Par30L Med 30k,-- Unbranded --,-- No Unilog Brand --,Philips,Phillips Lighting (5831)
574392,574392 40W Led B11 Med 27k 3pk,-- Unbranded --,-- No Unilog Brand --,Philips,Phillips Lighting (5831)
576751,576751 65W Led BR30 Med 3pk,-- Unbranded --,-- No Unilog Brand --,Philips,Phillips Lighting (5831)
583161,583161 Led 65W Med BR30 3pk,-- Unbranded --,-- No Unilog Brand --,Philips,Phillips Lighting (5831)
566695,566695 60W Led Med 27k 3pk,-- Unbranded --,-- No Unilog Brand --,Philips,Phillips Lighting (5831)
577007,577007 125W Led Med 30k Flood,-- Unbranded --,-- No Unilog Brand --,Philips,Phillips Lighting (5831)
566653,566653 25W Led Cand 27k 3pk,-- Unbranded --,-- No Unilog Brand --,Philips,Phillips Lighting (5831)
566679,566679 40W Led Med 27k 3pk,-- Unbranded --,-- No Unilog Brand --,Philips,Phillips Lighting (5831)
573311,573311 60W Led Med 27k 2pk,-- Unbranded --,-- No Unilog Brand --,Philips,Phillips Lighting (5831)
573394,573394 60W Led Cand 27k 2pk,-- Unbranded --,-- No Unilog Brand --,Philips,Phillips Lighting (5831)
573329,573329 60W Cand Led 27k 2pk,-- Unbranded --,-- No Unilog Brand --,Philips,Phillips Lighting (5831)
564930,564930 40W Cand Led 50k 3pk,-- Unbranded --,-- No Unilog Brand --,Philips,Phillips Lighting (5831)
565000,565000 60W Led Med 27k 2pk,-- Unbranded --,-- No Unilog Brand --,Philips,Phillips Lighting (5831)
564922,564922 60W Led BA11 50k 3pk,-- Unbranded --,-- No Unilog Brand --,Philips,Phillips Lighting (5831)
573295,573295 40W Led Med 27k 2pk,-- Unbranded --,-- No Unilog Brand --,Philips,Phillips Lighting (5831)
564914,564914 60W Med Led 50k 2pk,-- Unbranded --,-- No Unilog Brand --,Philips,Phillips Lighting (5831)
573485,573485 60W Led A19 Med 50k 2pk,-- Unbranded --,-- No Unilog Brand --,Philips,Phillips Lighting (5831)
573337,573337 40W Led G25 Med 50k 2pk,-- Unbranded --,-- No Unilog Brand --,Philips,Phillips Lighting (5831)
544874,544874 32W Led T8 UBulb 40k,-- Unbranded --,-- No Unilog Brand --,Philips,Phillips Lighting (5831)
570846,570846 50W Led Med 22K 2pk,-- Unbranded --,-- No Unilog Brand --,Philips,Phillips Lighting (5831)
565473,565473 60W Led A19 Bulb 2pk,-- Unbranded --,-- No Unilog Brand --,Philips,Phillips Lighting (5831)
573402,573402 60W Led Med 50k 2pk,-- Unbranded --,-- No Unilog Brand --,Philips,Phillips Lighting (5831)
573352,573352 40W Led Med 27k 2pk,-- Unbranded --,-- No Unilog Brand --,Philips,Phillips Lighting (5831)
573428,573428 40W Med Led 50k 2pk,-- Unbranded --,-- No Unilog Brand --,Philips,Phillips Lighting (5831)
573386,573386 60W Led Med 27k 2pk,-- Unbranded --,-- No Unilog Brand --,Philips,Phillips Lighting (5831)
564948,564948 40W Led Med 50k 3pk,-- Unbranded --,-- No Unilog Brand --,Philips,Phillips Lighting (5831)
573303,573303 40W Led Cand 27k 2pk,-- Unbranded --,-- No Unilog Brand --,Philips,Phillips Lighting (5831)
573188,573188 250W Led Par38 Med 50k,-- Unbranded --,-- No Unilog Brand --,Philips,Phillips Lighting (5831)
573469,573469 40W Led A19 Med 50k 2pk,-- Unbranded --,-- No Unilog Brand --,Philips,Phillips Lighting (5831)
565671,565671 25W Led Med 20K,-- Unbranded --,-- No Unilog Brand --,Philips,Phillips Lighting (5831)
573204,573204 75W Led Par20 Med 50k,-- Unbranded --,-- No Unilog Brand --,Philips,Phillips Lighting (5831)
581199,581199 60W Led Med 2pk,-- Unbranded --,-- No Unilog Brand --,Philips,Phillips Lighting (5831)
565887,565887 60W Led Med 20k,-- Unbranded --,-- No Unilog Brand --,Philips,Phillips Lighting (5831)
586867,586867 60W Led Med 27K,-- Unbranded --,-- No Unilog Brand --,Philips,Phillips Lighting (5831)
568451,5686451 50W Led Med 50k 2pk,-- Unbranded --,-- No Unilog Brand --,Philips,Phillips Lighting (5831)
568444,568444 90W Led Par38 50k 2pk,-- Unbranded --,-- No Unilog Brand --,Philips,Phillips Lighting (5831)
573196,573196 75W Led Med 30K,-- Unbranded --,-- No Unilog Brand --,Philips,Phillips Lighting (5831)
564500,564500 75W Adj Base 50k 3pk,-- Unbranded --,-- No Unilog Brand --,Philips,Phillips Lighting (5831)
571513,571513 40/60/100 Led Med 27k,-- Unbranded --,-- No Unilog Brand --,Philips,Phillips Lighting (5831)
588566,588566 40W Led Med 55k 3pk,-- Unbranded --,-- No Unilog Brand --,Philips,Phillips Lighting (5831)
565655,565655 25W Led A15 Med 20k,-- Unbranded --,-- No Unilog Brand --,Philips,Phillips Lighting (5831)
565812,565812 60W Med Led 50k,-- Unbranded --,-- No Unilog Brand --,Philips,Phillips Lighting (5831)
586917,586917 40W Led Cand 27K 2pk,-- Unbranded --,-- No Unilog Brand --,Philips,Phillips Lighting (5831)
46719,49719 Wall Light Motion Wh,-- Unbranded --,-- No Unilog Brand --,-- No DIB Brand --,Maxsa Innovations (MAXIN)
59061BSL,59061BSL Kichler Ext Wall Lt,-- Unbranded --,-- No Unilog Brand --,-- No DIB Brand --,Kichler Lighting (KICLI)
59062BSL,59062BSL Kichler Ext Wall Lt,-- Unbranded --,-- No Unilog Brand --,-- No DIB Brand --,Kichler Lighting (KICLI)
59124BKT,59124BKT Kichler Ext Wall Lt,-- Unbranded --,-- No Unilog Brand --,-- No DIB Brand --,Kichler Lighting (KICLI)
59025BK,59025BK Kichler Post Lt,-- Unbranded --,-- No Unilog Brand --,-- No DIB Brand --,Kichler Lighting (KICLI)
DCL183,Dewalt DCL183 Light - Rechargeable,-- Unbranded --,-- No Unilog Brand --,DEWALT,Black & Decker/dewlt (2585)
73020,73020 Nano Clip Light Bk,-- Unbranded --,-- No Unilog Brand --,-- No DIB Brand --,Streamlight (7277)
NEB-FLT-1021,NEBFLT1021 Slyde King FlashLt,-- Unbranded --,-- No Unilog Brand --,-- No DIB Brand --,ACG Brands (1154)
NEB-FLT-0053,NEBFLT0053 2600L Flash Light,-- Unbranded --,-- No Unilog Brand --,-- No DIB Brand --,ACG Brands (1154)
97708,97708 Police 800L Headlight,-- Unbranded --,-- No Unilog Brand --,Police Security,Police Security (9470)
WORK6000XLTPPLUG,6000L Twin Head Work Light,-- Unbranded --,-- No Unilog Brand --,Feit Electric,Feit Electric (3468)
HOM2040M200PRB,HOM2040M200PRB 200A Load Cntr,-- Unbranded --,-- No Unilog Brand --,-- No DIB Brand --,Square D Con Prod Dv (6825)
HOM3060L225PGC,HOM3060L225PGC 225 Load Center,-- Unbranded --,-- No Unilog Brand --,Square D,Square D Con Prod Dv (6825)
QO612L100RBCP,QO612L100RBCP 100A Load Center,-- Unbranded --,-- No Unilog Brand --,Square D,Square D Con Prod Dv (6825)
13093005,4/0 Aluminum Entrance Cable (Linear Foot),-- Unbranded --,-- No Unilog Brand --,-- No DIB Brand --,Southwire/g Turner (6603)
12-4 SO,12-4 SO Cord (Linear Foot),-- Unbranded --,-- No Unilog Brand --,-- No DIB Brand --,-
96263-46-06,96263-46-06 CAT5E Wire (Linear Foot),-- Unbranded --,-- No Unilog Brand --,-- No DIB Brand --,Woods Wire Southwire (7579)
R50003-ID,16-2 Stranded Wire CL3 500' (Linear Foot),-- Unbranded --,-- No Unilog Brand --,-- No DIB Brand --,Southwire/g Turner (6603)
10-4 SO,10-4 SO Cord (Linear Foot),-- Unbranded --,-- No Unilog Brand --,-- No DIB Brand --,Southwire/g Turner (6603)
23346-0408,23346-0408 Wire 16/3 SJEWA 250 (Linear Foot),-- Unbranded --,-- No Unilog Brand --,-- No DIB Brand --,-
2/2/4 UD ALUM,2/2/4 UD Aluminum Triplex Wire (Linear Foot),-- Unbranded --,-- No Unilog Brand --,-- No DIB Brand --,Southwire/g Turner (6603)
55418901,6/6/6 UD Triplex Aluminum Wire,-- Unbranded --,-- No Unilog Brand --,-- No DIB Brand --,Southwire/g Turner (6603)
CG50K,"CG50K 1/2"" Cord Grip Kit",-- Unbranded --,-- No Unilog Brand --,-- No DIB Brand --,Fenton Bros Electric Inc (FENBR)
R02-D215P-1RW,R02D215P1RW 15A Mini Outlet Wh,-- Unbranded --,-- No Unilog Brand --,Leviton,Leviton Mfg Co (4927)
PBUC013,PBUC013 15A Wall Tap w/USB,-- Unbranded --,-- No Unilog Brand --,Prime,Prime Wire & Cable (3562)
R00-GFNT1-00K,R00GFNT100K 15A Outlet Br,-- Unbranded --,-- No Unilog Brand --,Leviton,Leviton Mfg Co (4927)
R92-GFWT1-0KW,R92GFWT10KW 15A GFCI Outlet Wh,-- Unbranded --,-- No Unilog Brand --,Leviton,Leviton Mfg Co (4927)
R12-AGTR1-0KW,R12AGTR10KW 15A GFCI Outler Wh,-- Unbranded --,-- No Unilog Brand --,Leviton,Leviton Mfg Co (4927)
R62-GFTA1-0KW,R92GFTA10KW 15A GFCI Outlet Wh,-- Unbranded --,-- No Unilog Brand --,Leviton,Leviton Mfg Co (4927)
165-04729-00C,1650472900C 15A 125V Cord Conn,-- Unbranded --,-- No Unilog Brand --,Leviton,Leviton Mfg Co (4927)
161-04720-00C,1610472000C 15A 125V Cord Conn,-- Unbranded --,-- No Unilog Brand --,Leviton,Leviton Mfg Co (4927)
R02-GUAC1-0BW,R02GUAC10BW 15A/USB Outlet Wh,-- Unbranded --,-- No Unilog Brand --,Leviton,Leviton Mfg Co (4927)
R56-CBR15-00T,R56CBR1500T 15A Outlet LA,-- Unbranded --,-- No Unilog Brand --,Leviton,Leviton Mfg Co (4927)
R20-05378-P00,R2005378P00 6-50R Welder Outet,-- Unbranded --,-- No Unilog Brand --,Leviton,Leviton Mfg Co (4927)
WC1V12W-SG-UPC,WC1V12WSGUPC 1G Cover Wh,-- Unbranded --,-- No Unilog Brand --,Southwire,Southwire/g Turner (6603)
R51-GSRA1-THD,R5GSRA1THD 15A GFCI Plug,-- Unbranded --,-- No Unilog Brand --,Leviton,Leviton Mfg Co (4927)
R62-CBR15-00W,R62CBR1500W 15A Outlet Wh,-- Unbranded --,-- No Unilog Brand --,Leviton,Leviton Mfg Co (4927)
S03-05226-IS,S0305226IS IV Switch / Pilot,-- Unbranded --,-- No Unilog Brand --,Leviton,Leviton Mfg Co (4927)
174-0CSB3-15W,174-OCSB3-15A Toggle 3-Way Switch Wh,-- Unbranded --,-- No Unilog Brand --,-- No DIB Brand --,Leviton Mfg Co (4927)
R50-0SL13-000,T50-0SL13000 1G Wallplate SS - Blank,-- Unbranded --,-- No Unilog Brand --,Leviton,Leviton Mfg Co (4927)
R52-0PJ13-00W,R520PJ1300W 1G Wallplate Wh - Blank,-- Unbranded --,-- No Unilog Brand --,Leviton,Leviton Mfg Co (4927)
XOU2470BCGS,XOU2470BCGS Tall Beverage Center SS,-- Unbranded --,-- No Unilog Brand --,-- No DIB Brand --,Appliance Dealers Cooperative (APPDE)
XOU24BCGSR,XOU24BCGSR Beverage Center SS,-- Unbranded --,-- No Unilog Brand --,-- No DIB Brand --,Appliance Dealers Cooperative (APPDE)
XOU24WDZGBR,XOU24WDZGBR Beverage Center Bk,-- Unbranded --,-- No Unilog Brand --,-- No DIB Brand --,Appliance Dealers Cooperative (APPDE)
C7CDAAS3PD3,C7CDAAS3PD3 Café Drip Coffee Maker MB,-- Unbranded --,-- No Unilog Brand --,-- No DIB Brand --,Appliance Dealers Cooperative (APPDE)
C7CDAAS4PW3,C7CDAAS4PW3 Café Drip Coffee Maker MW,-- Unbranded --,-- No Unilog Brand --,-- No DIB Brand --,Appliance Dealers Cooperative (APPDE)
C7CDABS2RS3,C7CDABS2RS3 Cafe Coffee Maker,-- Unbranded --,-- No Unilog Brand --,-- No DIB Brand --,Appliance Dealers Cooperative (APPDE)
C7CDABS3RD3,C7CDABS3RD3 Café Coffee Maker MB,-- Unbranded --,-- No Unilog Brand --,-- No DIB Brand --,Appliance Dealers Cooperative (APPDE)
C7CDABS4RW3,C7CDABS4RW3 Café Coffee Maker MW,-- Unbranded --,-- No Unilog Brand --,-- No DIB Brand --,Appliance Dealers Cooperative (APPDE)
C7CEBBS2RS3,C7CEBBS2RS3 Cafe Auto Espresso Machine SS,-- Unbranded --,-- No Unilog Brand --,-- No DIB Brand --,Appliance Dealers Cooperative (APPDE)
C7CEBBS4RW3,C7CEBBS4RW3 Café Auto Espresso Machine Wh,-- Unbranded --,-- No Unilog Brand --,-- No DIB Brand --,Appliance Dealers Cooperative (APPDE)
C7CESAS2RS3,C7CESAS2RS3 Café Espresso SS,-- Unbranded --,-- No Unilog Brand --,-- No DIB Brand --,Appliance Dealers Cooperative (APPDE)
C7CESAS3RD3,C7CESAS3RD3 Café Espresso Machine MB,-- Unbranded --,-- No Unilog Brand --,-- No DIB Brand --,Appliance Dealers Cooperative (APPDE)
C7CESAS4RW3,C7CESAS4RW3 Cafe Espresso Wh,-- Unbranded --,-- No Unilog Brand --,-- No DIB Brand --,Appliance Dealers Cooperative (APPDE)
WOSP30100SS,WOSP30100SS Beko Wall Oven SS,-- Unbranded --,-- No Unilog Brand --,-- No DIB Brand --,Appliance Dealers Cooperative (APPDE)
MSER2090S,MSER2090S LG Microwave SS,-- Unbranded --,-- No Unilog Brand --,-- No DIB Brand --,Appliance Dealers Cooperative (APPDE)
GCST16S1WSS,GCST16S1WSS GE Microwave SS,-- Unbranded --,-- No Unilog Brand --,-- No DIB Brand --,Appliance Dealers Cooperative (APPDE)
PCWK15C1WSS,PCWK15C1WSS GE Microwave,-- Unbranded --,-- No Unilog Brand --,-- No DIB Brand --,Appliance Dealers Cooperative (APPDE)
SMC2266KS,SMC2266KS Microwave SS Display Only,-- Unbranded --,-- No Unilog Brand --,-- No DIB Brand --,Appliance Dealers Cooperative (APPDE)
SMD2479JS,SMD2479JS Microwave Drawer SS Display Only,-- Unbranded --,-- No Unilog Brand --,-- No DIB Brand --,Appliance Dealers Cooperative (APPDE)
PEP9030DTBB,"PEP9030DTBB 30"" GE Cooktop Bk",-- Unbranded --,-- No Unilog Brand --,-- No DIB Brand --,Appliance Dealers Cooperative (APPDE)
CES700P3MD1,"CES700P3MD1 Cafe 30"" Range Bk - Display",-- Unbranded --,-- No Unilog Brand --,-- No DIB Brand --,Appliance Dealers Cooperative (APPDE)
PS960YPFS,"PS960YPFS 30"" GE Electric Range SS - Display Only",-- Unbranded --,-- No Unilog Brand --,-- No DIB Brand --,Appliance Dealers Cooperative (APPDE)
PB900YVFS,"PB900YVFS Elect 30"" Range SS",-- Unbranded --,-- No Unilog Brand --,-- No DIB Brand --,Appliance Dealers Cooperative (APPDE)
PCFE3080AF,"PCFE3080AF 30"" Elect Range SS - Display Only",-- Unbranded --,-- No Unilog Brand --,-- No DIB Brand --,Appliance Dealers Cooperative (APPDE)
SLER30524SS,"SLER30524SS 30"" Elect Range SS",-- Unbranded --,-- No Unilog Brand --,-- No DIB Brand --,Appliance Dealers Cooperative (APPDE)
LSEL6333ZE,"LSEL6333ZE LG 30"" Elec Range BS-Display Only",-- Unbranded --,-- No Unilog Brand --,-- No DIB Brand --,Appliance Dealers Cooperative (APPDE)
KSES530SBE,"KSES530SBE 30"" Elect Range BO Display Only",-- Unbranded --,-- No Unilog Brand --,-- No DIB Brand --,Appliance Dealers Cooperative (APPDE)
GCFG3661AF,"GCFG3661AF 36"" Frigidaire Gas Range SS",-- Unbranded --,-- No Unilog Brand --,-- No DIB Brand --,Appliance Dealers Cooperative (APPDE)
WSGS7530RZ,"WSGS7530RZ 30"" Gas Range SS - Display Only",-- Unbranded --,-- No Unilog Brand --,-- No DIB Brand --,Appliance Dealers Cooperative (APPDE)
CHP90301TBB,CHP90301TBB Café Cooktop Bk,-- Unbranded --,-- No Unilog Brand --,-- No DIB Brand --,Appliance Dealers Cooperative (APPDE)
CVM517P3RD1,CVM517P3RD1 Cafe Microwave Bk - Display,-- Unbranded --,-- No Unilog Brand --,-- No DIB Brand --,Appliance Dealers Cooperative (APPDE)
PMOS1980AF,PMOS1980AF OTR Microwave SS - Display Only,-- Unbranded --,-- No Unilog Brand --,-- No DIB Brand --,Appliance Dealers Cooperative (APPDE)
WMMS3330RZ,WMMS3330RZ OTR Mocrowave SS - Display Only,-- Unbranded --,-- No Unilog Brand --,-- No DIB Brand --,Appliance Dealers Cooperative (APPDE)
KMMF530PBE,KMMF530PBE OTR Microwave BO Display Only,-- Unbranded --,-- No Unilog Brand --,-- No DIB Brand --,Appliance Dealers Cooperative (APPDE)
JXGRILL1,JXGRILL1 GE Range Grill,-- Unbranded --,-- No Unilog Brand --,-- No DIB Brand --,Appliance Dealers Cooperative (APPDE)
C9TMA2S3PD3,C9TMA2S3PD3 Café Toaster MB,-- Unbranded --,-- No Unilog Brand --,-- No DIB Brand --,Appliance Dealers Cooperative (APPDE)
C9TMA2S4PW3,C9TMA2S4PW3 Café Toaster MW,-- Unbranded --,-- No Unilog Brand --,-- No DIB Brand --,Appliance Dealers Cooperative (APPDE)
C90AAAS2RS3,C90AAAS2RS3 Cafe Toast Oven SS,-- Unbranded --,-- No Unilog Brand --,-- No DIB Brand --,Appliance Dealers Cooperative (APPDE)
C9TMA2SP2PS3,C9TMA2S2PS3 Cafe Toaster SS,-- Unbranded --,-- No Unilog Brand --,-- No DIB Brand --,Appliance Dealers Cooperative (APPDE)
GDE21EMKES,GDE21EMKES GE 21CF Fridge SL Display Only,-- Unbranded --,-- No Unilog Brand --,-- No DIB Brand --,Appliance Dealers Cooperative (APPDE)
FCM16SLWW,FCM16SLWW 16CF GE Freezer Chest MH,-- Unbranded --,-- No Unilog Brand --,-- No DIB Brand --,Appliance Dealers Cooperative (APPDE)
GNE27JYMFS,GNE27JYMFS GE Fridge SS,-- Unbranded --,-- No Unilog Brand --,-- No DIB Brand --,Appliance Dealers Cooperative (APPDE)
CVE28DP3ND1,CVE28DP3ND1 Cafe Fridge Bk,-- Unbranded --,-- No Unilog Brand --,-- No DIB Brand --,Appliance Dealers Cooperative (APPDE)
GNE25JMKES,GNE25JMKES GE Fridge Slate - Display,-- Unbranded --,-- No Unilog Brand --,-- No DIB Brand --,Appliance Dealers Cooperative (APPDE)
PRFS2883AF,"PRFS2883AF 36"" Fridge SS - Display Only",-- Unbranded --,-- No Unilog Brand --,-- No DIB Brand --,Appliance Dealers Cooperative (APPDE)
PAD28BYTFS,PAD28BYTFS GE Fridge SS,-- Unbranded --,-- No Unilog Brand --,-- No DIB Brand --,Appliance Dealers Cooperative (APPDE)
PGE29BYTFS,PGE29BYTFS GE Fridge SS,-- Unbranded --,-- No Unilog Brand --,-- No DIB Brand --,Appliance Dealers Cooperative (APPDE)
ERFD19CGCS,ERFD19CGCS Element Fridge SS,-- Unbranded --,-- No Unilog Brand --,-- No DIB Brand --,Appliance Dealers Cooperative (APPDE)
LT18S2100W,LT18S2100W LG Fridge Wh,-- Unbranded --,-- No Unilog Brand --,-- No DIB Brand --,Appliance Dealers Cooperative (APPDE)
LT18S2100SS,LT18S2100S 18CF LG Fridge SS,-- Unbranded --,-- No Unilog Brand --,-- No DIB Brand --,Appliance Dealers Cooperative (APPDE)
EUF17CDBW,EUF17CDBW Element 17CF Freezer - Upright,-- Unbranded --,-- No Unilog Brand --,-- No DIB Brand --,Appliance Dealers Cooperative (APPDE)
EUF21CDBW,EUF21CDBW Element 21CF Freezer - Upright,-- Unbranded --,-- No Unilog Brand --,-- No DIB Brand --,Appliance Dealers Cooperative (APPDE)
TP-1935,TP-1935 Hole Drilling System,-- Unbranded --,-- No Unilog Brand --,-- No DIB Brand --,-
K527APBXR,"K527APBXR Senco .131x3"" SM BB - 500CT",-- Unbranded --,-- No Unilog Brand --,-- No DIB Brand --,Senco Products Inc (4650)
603150,"603150 2-1/2"" Finish Nail 15GA - 4M",-- Unbranded --,-- No Unilog Brand --,-- No DIB Brand --,National Nail Corp (7439)
d10cnk,"D10CNK Prebena 1/2""x3/8"" - Staple",-- Unbranded --,-- No Unilog Brand --,-- No DIB Brand --,Prebena (PREBE)
e28cnkha,"E28CNKHA Prebena 2/4""x1 1/8"" - Staple",-- Unbranded --,-- No Unilog Brand --,-- No DIB Brand --,Prebena (PREBE)
51334,"51334 44"" Wh Gilmour Fan",-- Unbranded --,-- No Unilog Brand --,-- No DIB Brand --,Hunter Fan Co (4381)
59210,"59210 52"" BZ Sent Hunter Fan",-- Unbranded --,-- No Unilog Brand --,Hunter,Hunter Fan Co (4381)
52485,"52485 52"" MB Anisten Fan",-- Unbranded --,-- No Unilog Brand --,-- No DIB Brand --,Hunter Fan Co (4381)
52486,"52486 44"" MB Anisten Fan",-- Unbranded --,-- No Unilog Brand --,-- No DIB Brand --,Hunter Fan Co (4381)
52487,"52487 52"" WH Anisten Fan",-- Unbranded --,-- No Unilog Brand --,-- No DIB Brand --,Hunter Fan Co (4381)
52488,"52488 44"" WH Anisten Fan",-- Unbranded --,-- No Unilog Brand --,-- No DIB Brand --,Hunter Fan Co (4381)
52655,"52655 52"" MB Xidane Hunter Fan",-- Unbranded --,-- No Unilog Brand --,-- No DIB Brand --,Hunter Fan Co (4381)
59261,"59261 52"" PB Cassius Fan",-- Unbranded --,-- No Unilog Brand --,-- No DIB Brand --,Hunter Fan Co (4381)
51731,"51731 52"" MB Jetty Hunter Fan",-- Unbranded --,-- No Unilog Brand --,-- No DIB Brand --,Hunter Fan Co (4381)
XLC10ZW,XLC10ZW Makita 18V Cordless Vacuum (Bare),-- Unbranded --,-- No Unilog Brand --,-- No DIB Brand --,Makita Usa Inc (5142)
HS-DA,HS-DA Motion Driveway Alert,-- Unbranded --,-- No Unilog Brand --,-- No DIB Brand --,Sabre (9195)
73002252,Black Gate Gravity Latch RDI,-- Unbranded --,-- No Unilog Brand --,-- No DIB Brand --,-
48-22-8396R,48-22-8396R Milw 24oz Bottle - Insulated,-- Unbranded --,-- No Unilog Brand --,-- No DIB Brand --,Milwaukee Accessory (4031)
48-22-8397R,48-22-8397R Milw 36oz Bottle - Insulated,-- Unbranded --,-- No Unilog Brand --,-- No DIB Brand --,Milwaukee Accessory (4031)
DCGG581B,DCGG581B Dewalt 20V Grease Gun 2-Speed,-- Unbranded --,-- No Unilog Brand --,-- No DIB Brand --,Black & Decker/dewlt (2585)
DCGG581GD1,DCGG581GD1 Dewalt 20V Grease Gun 2-Speed Kit,-- Unbranded --,-- No Unilog Brand --,-- No DIB Brand --,Black & Decker/dewlt (2585)
DWST41092,"DWST41092 Dewalt Tool Chest 41"" Bottom",-- Unbranded --,-- No Unilog Brand --,-- No DIB Brand --,Black & Decker/dewlt (2585)
156436WHT,156436 Wh 4x4x120 Post Wrap,DSI Westbury,-- No Unilog Brand --,-- No DIB Brand --,Palmer Donavin Mfg Company (PALDO)
173950TBK,"4""x8'-6"" DSI SQ Black Alum Post Wrap",-- Unbranded --,-- No Unilog Brand --,-- No DIB Brand --,Palmer Donavin Mfg Company (PALDO)
173951TBK,"6""x8'-6"" DSI SQ Black Alum Post Wrap",-- Unbranded --,-- No Unilog Brand --,-- No DIB Brand --,Palmer Donavin Mfg Company (PALDO)
173952TBK,"6""x10' DSI SQ Black Alum Post Wrap",-- Unbranded --,-- No Unilog Brand --,-- No DIB Brand --,Palmer Donavin Mfg Company (PALDO)
1624157,TW52 WH INSIDE CAS VIN WRAPPED,ANDERSEN,-- No Unilog Brand --,-- No DIB Brand --,-
40025,40025 TS-54 Wal-Board T-Square 009-008,-- Unbranded --,-- No Unilog Brand --,-- No DIB Brand --,Marshalltown Trowel (5155)
48-22-3301,48-22-3301 Milw Mechanical Pencil w/ Lead Pack,-- Unbranded --,-- No Unilog Brand --,-- No DIB Brand --,Milwaukee Accessory (4031)
48-22-3302,48-22-3302 Milw Mechanical Pencil Replacement Lead,-- Unbranded --,-- No Unilog Brand --,-- No DIB Brand --,Milwaukee Accessory (4031)
48-22-3303,48-22-3303 Milw Mechanical Pencil Replacement Lead-Color,-- Unbranded --,-- No Unilog Brand --,-- No DIB Brand --,Milwaukee Accessory (4031)
TSDKAP218-G2,TSDKAP218-G2 Edge Safety - Khor Black Frame Polarized,-- Unbranded --,-- No Unilog Brand --,-- No DIB Brand --,Edge Eyewear Inc (EDGSA)
XPAP418,XPAP418 Edge Safety Glasses - Pumori Black Frame,-- Unbranded --,-- No Unilog Brand --,-- No DIB Brand --,Edge Eyewear Inc (EDGSA)
XDAP419,XDAP419 Edge Safety Glasses - Dawson Black Frame Red Lenses,-- Unbranded --,-- No Unilog Brand --,-- No DIB Brand --,Edge Eyewear Inc (EDGSA)
XB11PCVS,XB11PCVS Edge Safety Glasses - Photochromic Lense,-- Unbranded --,-- No Unilog Brand --,-- No DIB Brand --,Edge Eyewear Inc (EDGSA)
KB121VS,KB121VS Edge Safety Glasses - Kabru Black Frame,-- Unbranded --,-- No Unilog Brand --,-- No DIB Brand --,Edge Eyewear Inc (EDGSA)
KB126VS,KB126VS Edge Safety Glasses - Kabru Black Frame,-- Unbranded --,-- No Unilog Brand --,-- No DIB Brand --,Edge Eyewear Inc (EDGSA)
TC121VS,TC121VS Edge Safety Glasses - Tacana Black Frame,-- Unbranded --,-- No Unilog Brand --,-- No DIB Brand --,Edge Eyewear Inc (EDGSA)
TC126VS,TC126VS Edge Safety Glasses - Tacana Black Frame,-- Unbranded --,-- No Unilog Brand --,-- No DIB Brand --,Edge Eyewear Inc (EDGSA)
MK113MPAP,MK113MPAP Edge Safety Glasses - Makalu Black Frame Polarized,-- Unbranded --,-- No Unilog Brand --,-- No DIB Brand --,Edge Eyewear Inc (EDGSA)
LS117MPAP,LS117MPAP Edge Safety Glasses - Lassen Black Frame Polarized,-- Unbranded --,-- No Unilog Brand --,-- No DIB Brand --,Edge Eyewear Inc (EDGSA)
FE-EFX-6L,FEEFX6L Lith Fire Extinguisher,-- Unbranded --,-- No Unilog Brand --,-- No DIB Brand --,Ohio Firewatch Protection Inc (HOLFS)
FE-EFX-9L,FEEFX9L Lith Fire Extinguisher,-- Unbranded --,-- No Unilog Brand --,-- No DIB Brand --,Ohio Firewatch Protection Inc (HOLFS)
1046793,1046793 Smoke & CO Alarm,-- Unbranded --,-- No Unilog Brand --,First Alert,First Alert - B R K Brands (2754)
1046870,1046870 Smoke & CO Alarm,-- Unbranded --,-- No Unilog Brand --,BRK,First Alert - B R K Brands (2754)
M701B-21L,M701B-21L Milw L Black Heated Work Glove Liners,-- Unbranded --,-- No Unilog Brand --,-- No DIB Brand --,Milwaukee Accessory (4031)
M701B-21M,M701B-21M Milw M Black Heated Work Glove Liners,-- Unbranded --,-- No Unilog Brand --,-- No DIB Brand --,Milwaukee Accessory (4031)
M701B-21S,M701B-21S Milw S Black Heated Work Glove Liners,-- Unbranded --,-- No Unilog Brand --,-- No DIB Brand --,Milwaukee Accessory (4031)
M701B-21XL,M701B-21XL Milw XL Black Heated Work Glove Liners,-- Unbranded --,-- No Unilog Brand --,-- No DIB Brand --,Milwaukee Accessory (4031)
MWUG42010124,UTW Pro Heated Glove Blk XS,-- Unbranded --,-- No Unilog Brand --,-- No DIB Brand --,Tech Gear 5.7 Inc (TECGE)
MWUG42010224,UTW Pro Heated Glove Blk SM,-- Unbranded --,-- No Unilog Brand --,-- No DIB Brand --,Tech Gear 5.7 Inc (TECGE)
MWUG42010324,UTW Pro Heated Glove Blk MD,-- Unbranded --,-- No Unilog Brand --,-- No DIB Brand --,Tech Gear 5.7 Inc (TECGE)
MWUG42010424,UTW Pro Heated Glove Blk LG,-- Unbranded --,-- No Unilog Brand --,-- No DIB Brand --,Tech Gear 5.7 Inc (TECGE)
MWUG42010524,UTW Pro Heated Glove Blk XL,-- Unbranded --,-- No Unilog Brand --,-- No DIB Brand --,Tech Gear 5.7 Inc (TECGE)
MWUG42010624,UTW Pro Heated Glove Blk 2X,-- Unbranded --,-- No Unilog Brand --,-- No DIB Brand --,Tech Gear 5.7 Inc (TECGE)
MWUG36010225,MWUG36010225 BLK SM Aerial Snow Heated Glove,-- Unbranded --,-- No Unilog Brand --,-- No DIB Brand --,Tech Gear 5.7 Inc (TECGE)
MWUG36010325,MWUG36010325 BLK MD Aerial Snow Heated Glove,-- Unbranded --,-- No Unilog Brand --,-- No DIB Brand --,Tech Gear 5.7 Inc (TECGE)
MWUG36010425,MWUG36010425 BLK LG Aerial Snow Heated Glove,-- Unbranded --,-- No Unilog Brand --,-- No DIB Brand --,Tech Gear 5.7 Inc (TECGE)
MWUG36010525,MWUG36010525 BLK XL Aerial Snow Heated Glove,-- Unbranded --,-- No Unilog Brand --,-- No DIB Brand --,Tech Gear 5.7 Inc (TECGE)
MWUG36010625,MWUG36010625 BLK 2X Aerial Snow Heated Glove,-- Unbranded --,-- No Unilog Brand --,-- No DIB Brand --,Tech Gear 5.7 Inc (TECGE)
DPG15,DPG15 Dewalt AM/FM Hearing Protector,-- Unbranded --,-- No Unilog Brand --,-- No DIB Brand --,Radians (7363)
F200B-21L,F200B-21L Milw M12 Womens - BLK Heated Hoodie Kit L,-- Unbranded --,-- No Unilog Brand --,-- No DIB Brand --,Milwaukee Accessory (4031)
F200B-21M,F200B-21M Milw M12 Womens - BLK Heated Hoodie Kit M,-- Unbranded --,-- No Unilog Brand --,-- No DIB Brand --,Milwaukee Accessory (4031)
M200B-21L,M200B-21L Milw M12 BLK - Heated Hoodie Kit L,-- Unbranded --,-- No Unilog Brand --,-- No DIB Brand --,Milwaukee Accessory (4031)
M200B-21M,M200B-21M Milw M12 BLK - Heated Hoodie Kit M,-- Unbranded --,-- No Unilog Brand --,-- No DIB Brand --,Milwaukee Accessory (4031)
M200B-21XL,M200B-21XL Milw M12 BLK - Heated Hoodie Kit XL,-- Unbranded --,-- No Unilog Brand --,-- No DIB Brand --,Milwaukee Accessory (4031)
M200G-21L,M200G-21L Milw M12 Gray - Heated Hoodie Kit L,-- Unbranded --,-- No Unilog Brand --,-- No DIB Brand --,Milwaukee Accessory (4031)
M200G-21M,M200G-21M Milw M12 Gray - Heated Hoodie Kit M,-- Unbranded --,-- No Unilog Brand --,-- No DIB Brand --,Milwaukee Accessory (4031)
M200G-21XL,M200G-21XL Milw M12 Gray - Heated Hoodie Kit XL,-- Unbranded --,-- No Unilog Brand --,-- No DIB Brand --,Milwaukee Accessory (4031)
48-11-2330,48-11-2330 Milw Heated Gear Power Source,-- Unbranded --,-- No Unilog Brand --,-- No DIB Brand --,Milwaukee Accessory (4031)
DCBP250C,DCBP520C Dewalt Starter Kit,-- Unbranded --,-- No Unilog Brand --,DEWALT,Black & Decker/dewlt (2585)
5328,5328 Lg. Leather Phone Holster - Clip-on,-- Unbranded --,-- No Unilog Brand --,-- No DIB Brand --,-
3200-20,3200-20 Milw Voltage Detector,-- Unbranded --,-- No Unilog Brand --,-- No DIB Brand --,Milwaukee Accessory (4031)
3202-20,3202-20 Milw Voltage Detector w/ LED,-- Unbranded --,-- No Unilog Brand --,-- No DIB Brand --,Milwaukee Accessory (4031)
3203-20,3203-20 Milw Dual Range Voltage Detector w/ LED,-- Unbranded --,-- No Unilog Brand --,-- No DIB Brand --,Milwaukee Accessory (4031)
BC-12300,"BC-12300 BigCal 12""/300mm",-- Unbranded --,-- No Unilog Brand --,-- No DIB Brand --,Woodpeckers Inc (WOODP)
BC-24600,"BC-24600 BigCal 24""/600mm",-- Unbranded --,-- No Unilog Brand --,-- No DIB Brand --,Woodpeckers Inc (WOODP)
DW08302CG,DW08302CG Dewalt Laser - Green 3 Spot,-- Unbranded --,-- No Unilog Brand --,DEWALT,Black & Decker/dewlt (2585)
GCL165-42GL,GCL165--42GL Cross Line Laser,-- Unbranded --,-- No Unilog Brand --,-- No DIB Brand --,Robt Bosch Tool Corp (6564)
DW08802CG,DW08802CG Dewalt Laser Green - Self-Level Cross Line,-- Unbranded --,-- No Unilog Brand --,DEWALT,Black & Decker/dewlt (2585)
DW088CG,DW088CG Dewalt Laser - Green Cross Line,-- Unbranded --,-- No Unilog Brand --,DEWALT,Black & Decker/dewlt (2585)
DW089CG,DW089CG Dewalt Laser Level - 3 Line 30ft Range,-- Unbranded --,-- No Unilog Brand --,DEWALT,Black & Decker/dewlt (2585)
DCLE34520GB,DCLE34520GB Dewalt Laser 20V - Cross Line 5 Spot (Bare),-- Unbranded --,-- No Unilog Brand --,DEWALT,Black & Decker/dewlt (2585)
DCLE34031B,DCLE34031B Dewalt Line Laser - 20V Self-Leveling (Bare),-- Unbranded --,-- No Unilog Brand --,DEWALT,Black & Decker/dewlt (2585)
DW0822CG,DW0822CG Dewalt Cross Line - Plumb Spots Laser-Green,-- Unbranded --,-- No Unilog Brand --,DEWALT,Black & Decker/dewlt (2585)
25459,25459 Mason Line Brd Orange - 500',-- Unbranded --,-- No Unilog Brand --,-- No DIB Brand --,U S Tape Company (6694)
35459,35459 Mason Line Brd Orange - 500' Replacement,-- Unbranded --,-- No Unilog Brand --,-- No DIB Brand --,U S Tape Company (6694)
25759,25759 Mason Line Brd Orange - 1000',-- Unbranded --,-- No Unilog Brand --,-- No DIB Brand --,U S Tape Company (6694)
35112,35112 Mason Line Twist Yellow - 270',-- Unbranded --,-- No Unilog Brand --,-- No DIB Brand --,U S Tape Company (6694)
35115,35115 Mason Line Twist Green - 270',-- Unbranded --,-- No Unilog Brand --,-- No DIB Brand --,U S Tape Company (6694)
25168,25168 Mason Line Brd Green - 250',CENTURY COMPONENTS,-- No Unilog Brand --,-- No DIB Brand --,U S Tape Company (6694)
35468,35468 Mason Line Brd Green - 500' Replacement,-- Unbranded --,-- No Unilog Brand --,-- No DIB Brand --,U S Tape Company (6694)
35494,35494 Mason Line Brd Blk/Yellw - 500' Replacement,-- Unbranded --,-- No Unilog Brand --,-- No DIB Brand --,U S Tape Company (6694)
MLSQ0120,"MLSQ0120 Milw 12"" RafterSquare",-- Unbranded --,-- No Unilog Brand --,-- No DIB Brand --,Milwaukee Accessory (4031)
MLSQ1120,MLSQ1120 Milw 300mm Rafter - Square (Metric),-- Unbranded --,-- No Unilog Brand --,-- No DIB Brand --,Milwaukee Accessory (4031)
55227,"55227 Amana Countersink/Stop 1/8"" Drill TB",-- Unbranded --,-- No Unilog Brand --,-- No DIB Brand --,Amana Tool Corp (AMATO)
37300952,"095842 Fisch Plug Cutter 3/8""",-- Unbranded --,-- No Unilog Brand --,-- No DIB Brand --,-
6008,6008 Whiteside Router Bit,-- Unbranded --,-- No Unilog Brand --,-- No DIB Brand --,Whiteside Machine & Repair Co (WHIMA)
6009,6009 Whiteside Router Bit,-- Unbranded --,-- No Unilog Brand --,-- No DIB Brand --,Whiteside Machine & Repair Co (WHIMA)
3000A,3000A Whiteside Router Bit,-- Unbranded --,-- No Unilog Brand --,-- No DIB Brand --,Whiteside Machine & Repair Co (WHIMA)
MID6630201US,MID6630201US Deos663XCV Sander,-- Unbranded --,-- No Unilog Brand --,-- No DIB Brand --,Mirka Abrasives Inc (MIRUS)
DCF6202,DCF6202 Dewalt Collated Attach,-- Unbranded --,-- No Unilog Brand --,DEWALT,Black & Decker/dewlt (2585)
25468,25468 Mason Line Brd Green - 500',-- Unbranded --,-- No Unilog Brand --,-- No DIB Brand --,U S Tape Company (6694)
25762,25762 Mason Line Brd Pink - 1000',-- Unbranded --,-- No Unilog Brand --,-- No DIB Brand --,U S Tape Company (6694)
21839NN,"21839NN File Bstd Mill 10""",-- Unbranded --,-- No Unilog Brand --,Nicholson,-
VN56920,"VN56920 10 1/2"" Saw Blade",-- Unbranded --,-- No Unilog Brand --,-- No DIB Brand --,Marshalltown Trowel (5155)
133164,133164 950/9 Hex Plus Spks - Multicolor,-- Unbranded --,-- No Unilog Brand --,-- No DIB Brand --,Wera Tools NA Inc (WERTO)
DWHT10993,DWHT10993 Folding Knife,-- Unbranded --,-- No Unilog Brand --,DEWALT,Black & Decker/dewlt (2585)
DWHT10994,DWHT10994 Folding Knife,-- Unbranded --,-- No Unilog Brand --,DEWALT,Black & Decker/dewlt (2585)
QB22RU,QB22RU Vessel Carrying Bit Holder (Red),-- Unbranded --,-- No Unilog Brand --,-- No DIB Brand --,Vessel Tools USA Inc (VESTO)
QB22KU,QB22KU Vessel Carrying Bit Holder (Black),-- Unbranded --,-- No Unilog Brand --,-- No DIB Brand --,Vessel Tools USA Inc (VESTO)
AVM6EV,AVM6 EV Mini Snip Red,-- Unbranded --,-- No Unilog Brand --,-- No DIB Brand --,Malco Prod (2370)
AVM6EV,AVM7 EV Mini Snip Green,-- Unbranded --,-- No Unilog Brand --,-- No DIB Brand --,Malco Prod (2370)
DSA0250B,"DSA0250B 1/4"" Square x1/4"" Hex - Socket Adapter",-- Unbranded --,-- No Unilog Brand --,Diablo,Freud Inc (2435)
DSA0375B,"DSA0375B 3/8"" Square x1/4"" Hex - Socket Adapter",-- Unbranded --,-- No Unilog Brand --,Diablo,Freud Inc (2435)
DSA0500B,"DSA0500B 1/2"" Square x1/4"" Hex - Socket Adapter",-- Unbranded --,-- No Unilog Brand --,Diablo,Freud Inc (2435)
42-04-9107,"42-04-9107 Milw 3/8"" Drive Universal Joint",-- Unbranded --,-- No Unilog Brand --,-- No DIB Brand --,Milwaukee Accessory (4031)
48-22-9491,48-22-9491 Milw 242pc Ratchet & Socket Set 4-Drawer Tool Box,-- Unbranded --,-- No Unilog Brand --,-- No DIB Brand --,Milwaukee Accessory (4031)
DWMT45422,"DWMT45422 Dewalt 1/4"" Drive - 50pc Mechanics Set",-- Unbranded --,-- No Unilog Brand --,-- No DIB Brand --,Black & Decker/dewlt (2585)
DWMT45424,"DWMT45424 Dewalt 3/8"" Drive - 84pc Mechanics Set",-- Unbranded --,-- No Unilog Brand --,-- No DIB Brand --,Black & Decker/dewlt (2585)
48-22-9483,48-22-9483 Milw Packout 15pc - Metric Wrench Set,-- Unbranded --,-- No Unilog Brand --,-- No DIB Brand --,Milwaukee Accessory (4031)
48-22-9484,48-22-9484 Milw Packout 15pc - SAE Wrench Set,-- Unbranded --,-- No Unilog Brand --,-- No DIB Brand --,Milwaukee Accessory (4031)
48-22-9485,48-22-9485 Milw Packout 30pc - Metric & SAE Wrench Set,-- Unbranded --,-- No Unilog Brand --,-- No DIB Brand --,Milwaukee Accessory (4031)
48-44-2770,48-44-2770 Milw Pole Pruning - Shears Replacement Blade,-- Unbranded --,-- No Unilog Brand --,-- No DIB Brand --,Milwaukee Accessory (4031)
IWHT48441RC,IWHT48441RC Irwin 100ft - Red Chalk & Reel Set,-- Unbranded --,-- No Unilog Brand --,Irwin,Irwin Industrial Tools (5863)
XRU23SM1,"XRU23SM1 Makita 18V 13"" - String Trimmer Kit",-- Unbranded --,-- No Unilog Brand --,-- No DIB Brand --,Makita Usa Inc (5142)
XRU15PT1,XRU15PT1 Makita String Trimmer,-- Unbranded --,-- No Unilog Brand --,-- No DIB Brand --,Makita Usa Inc (5142)
XRU23Z,XRU23Z Makita 18V Trimmer Tool - Only,-- Unbranded --,-- No Unilog Brand --,-- No DIB Brand --,Makita Usa Inc (5142)
0887-20,0887-20 Milw M18 Brushless Precision Blower,-- Unbranded --,-- No Unilog Brand --,-- No DIB Brand --,Milwaukee Accessory (4031)
DCBL724B,DCBL724B Dewalt 20V Max XR Blower (Bare),-- Unbranded --,-- No Unilog Brand --,-- No DIB Brand --,Black & Decker/dewlt (2585)
2954-20,2954-20 Milw M18 Bluetooth Jobsite Speaker,-- Unbranded --,-- No Unilog Brand --,-- No DIB Brand --,Milwaukee Accessory (4031)
2955-20,2955-20 Milw M12 Bluetooth - Jobsite Speaker w/Packout,-- Unbranded --,-- No Unilog Brand --,-- No DIB Brand --,Milwaukee Accessory (4031)
9A-219-180,9A-219-180 Abranet 4x6x6,-- Unbranded --,-- No Unilog Brand --,-- No DIB Brand --,Mirka Abrasives Inc (MIRUS)
9A-219-120RP,9A-219-120RP Abranet 4x6x6,-- Unbranded --,-- No Unilog Brand --,-- No DIB Brand --,Mirka Abrasives Inc (MIRUS)
3033-20,"3033-20 Milw M18 24"" - Hedge Trimmer",-- Unbranded --,-- No Unilog Brand --,Milwaukee,Milwaukee Accessory (4031)
3033-21,"3033-21 Milw M18 24"" - Hedge Trimmer Kit",-- Unbranded --,-- No Unilog Brand --,-- No DIB Brand --,Milwaukee Accessory (4031)
3034-20,"3034-20 Milw M18 30"" - Hedge Trimmer",-- Unbranded --,-- No Unilog Brand --,Milwaukee,Milwaukee Accessory (4031)
D25333K,D25333K Dewalt Hammer Drill,-- Unbranded --,-- No Unilog Brand --,-- No DIB Brand --,Black & Decker/dewlt (2585)
DCD803B,DCD803B Dewalt Multi-Head Drill Driver,-- Unbranded --,-- No Unilog Brand --,-- No DIB Brand --,Black & Decker/dewlt (2585)
DCF860B,DCF860B Dewalt 20V Impact - Driver Drill,-- Unbranded --,-- No Unilog Brand --,-- No DIB Brand --,Black & Decker/dewlt (2585)
3401-20,3401-20 Milw M12 Drill Driver - Brushless Compact (Bare),-- Unbranded --,-- No Unilog Brand --,-- No DIB Brand --,Milwaukee Accessory (4031)
KPTDR050A,KPTDR050A Kreg 20V Ionic Compact Drill,-- Unbranded --,-- No Unilog Brand --,-- No DIB Brand --,Kreg Tool Company (KRETO)
DCD1007B,"DCD1007B Dewalt 20V Cordless - 1/2"" Hammer Drill (Bare)",-- Unbranded --,-- No Unilog Brand --,DEWALT,Black & Decker/dewlt (2585)
DCD799B,DCD799B Dewalt Drill,-- Unbranded --,-- No Unilog Brand --,-- No DIB Brand --,Black & Decker/dewlt (2585)
58006,58006 Voyager Drill Press,-- Unbranded --,-- No Unilog Brand --,-- No DIB Brand --,King Canada Inc (KINCA)
2909-20,2909-20 Milw Roofing Nailer - M18,-- Unbranded --,-- No Unilog Brand --,Milwaukee,Milwaukee Accessory (4031)
2909-21,2909-21 Milw M18 Coil Roofing - Nailer Kit,-- Unbranded --,-- No Unilog Brand --,Milwaukee,Milwaukee Accessory (4031)
918200,918200 Paslode CT200S24 18Ga ST Brad Nailer,-- Unbranded --,-- No Unilog Brand --,-- No DIB Brand --,National Nail Corp (7439)
2541-20,2541-20 Milw M12 - Compact Brad Nailer (Bare),-- Unbranded --,-- No Unilog Brand --,-- No DIB Brand --,Milwaukee Accessory (4031)
DCN930B,DCN930B Dewalt 20V 30 Degree - Framing Nailer,-- Unbranded --,-- No Unilog Brand --,DEWALT,Black & Decker/dewlt (2585)
DCN930P1,DCN930P1 Dewalt 20V 30 Degree - Framing Nailer Kit,-- Unbranded --,-- No Unilog Brand --,DEWALT,Black & Decker/dewlt (2585)
XNB04Z,"XNB04Z Makita 18V 2"" Brad Nailer 18GA (Bare)",-- Unbranded --,-- No Unilog Brand --,-- No DIB Brand --,Makita Usa Inc (5142)
XNB05Z,"XNB05Z Makita 18V 2-1/2"" Straight Finish Nailer 16GA",-- Unbranded --,-- No Unilog Brand --,-- No DIB Brand --,Makita Usa Inc (5142)
XNB06Z,"XNB06Z Makita 18V 2-1/2"" Angled Finish Nailer 16GA",-- Unbranded --,-- No Unilog Brand --,-- No DIB Brand --,Makita Usa Inc (5142)
XNB07Z,XNB07Z Makita 18V LXT BL 30 Nailer (Bare),-- Unbranded --,-- No Unilog Brand --,-- No DIB Brand --,Makita Usa Inc (5142)
DZN930,DZN930 Dewalt 30 Degree - Framing Magazine,-- Unbranded --,-- No Unilog Brand --,-- No DIB Brand --,Black & Decker/dewlt (2585)
220USB25U,220USB25U Vessel Screwdriver w/25pc Bit Set,-- Unbranded --,-- No Unilog Brand --,-- No DIB Brand --,Vessel Tools USA Inc (VESTO)
XRF03Z,XRF03Z Makita 18V Screwdriver - Autofeed,-- Unbranded --,-- No Unilog Brand --,-- No DIB Brand --,Makita Usa Inc (5142)
220USBP5U,220USBP5U Vessel Screwdriver Plus w/5pc Bit Set,-- Unbranded --,-- No Unilog Brand --,-- No DIB Brand --,Vessel Tools USA Inc (VESTO)
49-66-4567,"49-66-4567 Milw 6"" Magnetic - Impact Driver Set 6pc",-- Unbranded --,-- No Unilog Brand --,-- No DIB Brand --,Milwaukee Accessory (4031)
IBMG90K003,"IBMG90K003 Vessel Impact Ball Torsion Bit Assort 5pc 3.5""",-- Unbranded --,-- No Unilog Brand --,-- No DIB Brand --,Vessel Tools USA Inc (VESTO)
IBPH250P15T,"IBPH250P15T Vessel Torsion Bit 2"" 15pc",-- Unbranded --,-- No Unilog Brand --,-- No DIB Brand --,Vessel Tools USA Inc (VESTO)
DPH12B,"DPH12B 2"" #1 Phillips Drive - Bit",-- Unbranded --,-- No Unilog Brand --,Diablo,Freud Inc (2435)
DPH135B,"DPH135B 3-1/2"" #1 Phillips - Drive Bit",-- Unbranded --,-- No Unilog Brand --,Diablo,Freud Inc (2435)
DPH21B,"DPH21B 1"" #2 Phillips Drive - Bit",-- Unbranded --,-- No Unilog Brand --,Diablo,Freud Inc (2435)
DPH22B,"DPH22B 2"" #2 Phillips Drive - Bit",-- Unbranded --,-- No Unilog Brand --,Diablo,Freud Inc (2435)
DPH235B,"DPH235B 3-1/2"" #2 Phillips - Drive Bit",-- Unbranded --,-- No Unilog Brand --,Diablo,Freud Inc (2435)
DPH26B,"DPH26B 6"" #2 Phillips Drive - Bit",-- Unbranded --,-- No Unilog Brand --,Diablo,Freud Inc (2435)
DPH2R1B,"DPH2R1B 1"" #2 Phillips Drywall - Screws Drive Bit",-- Unbranded --,-- No Unilog Brand --,Diablo,Freud Inc (2435)
DPH31B,"DPH31B 1"" #3 Phillips Drive - Bit",-- Unbranded --,-- No Unilog Brand --,Diablo,Freud Inc (2435)
DPH32B,"DPH32B 2"" #3 Phillips Drive - Bit",-- Unbranded --,-- No Unilog Brand --,Diablo,Freud Inc (2435)
DPH335B,"DPH335B 3-1/2"" #3 Phillips - Drive Bit",-- Unbranded --,-- No Unilog Brand --,Diablo,Freud Inc (2435)
DSQ12B,"DSQ12B 2"" #1 Square Drive Bit",-- Unbranded --,-- No Unilog Brand --,Diablo,Freud Inc (2435)
DSQ22B,"DSQ22B 2"" #2 Square Drive Bit",-- Unbranded --,-- No Unilog Brand --,Diablo,Freud Inc (2435)
DSQ26B,"DSQ26B 6"" #2 Square Drive Bit",-- Unbranded --,-- No Unilog Brand --,Diablo,Freud Inc (2435)
DSQ32B,"DSQ32B 2"" #3 Square Drive Bit",-- Unbranded --,-- No Unilog Brand --,Diablo,Freud Inc (2435)
DT102B,"DT102B 2"" #10 Torx Drive Bit",-- Unbranded --,-- No Unilog Brand --,Diablo,Freud Inc (2435)
DT152B,"DT152B 2"" #15 Torx Drive Bit",-- Unbranded --,-- No Unilog Brand --,Diablo,Freud Inc (2435)
DT1535B,"DT1535B 3-1/2"" #15 Torx Drive - Bit",-- Unbranded --,-- No Unilog Brand --,Diablo,Freud Inc (2435)
DT202B,"DT202B 2"" #20 Torx Drive Bit",-- Unbranded --,-- No Unilog Brand --,Diablo,Freud Inc (2435)
DT2035B,"DT2035B 3-1/2"" #20 Torx Drive - Bit",-- Unbranded --,-- No Unilog Brand --,Diablo,Freud Inc (2435)
DT206B,"DT206B 6"" #20 Torx Drive Bit",-- Unbranded --,-- No Unilog Brand --,Diablo,Freud Inc (2435)
DT252B,"DT252B 2"" #25 Trox Drive Bit",-- Unbranded --,-- No Unilog Brand --,Diablo,Freud Inc (2435)
DT2535B,"DT2535B 3-1/4"" #25 Torx Drive - Bit",-- Unbranded --,-- No Unilog Brand --,Diablo,Freud Inc (2435)
DT256B,"DT256B 6"" #25 Torx Drive Bit",-- Unbranded --,-- No Unilog Brand --,Diablo,Freud Inc (2435)
DT302B,"DT302B 2"" #30 Torx Drive Bit",-- Unbranded --,-- No Unilog Brand --,Diablo,Freud Inc (2435)
DT402B,"DT402B 2"" #40 Torx Drive Bit",-- Unbranded --,-- No Unilog Brand --,Diablo,Freud Inc (2435)
DDWSSB,DDWSSB #2 Drywall Screw Setter,-- Unbranded --,-- No Unilog Brand --,Diablo,Freud Inc (2435)
191V02-0,191V02-0 Makita #2 Phillips Bit 5pk,-- Unbranded --,-- No Unilog Brand --,-- No DIB Brand --,Makita Usa Inc (5142)
XTS02Z,"XTS02Z Makita 18V 1/4"" Narrow Crown Stapler 18GA",-- Unbranded --,-- No Unilog Brand --,-- No DIB Brand --,Makita Usa Inc (5142)
DCF809D1,"DCF809D1 Dewalt Atomic 20V 1/4"" Impact Driver Kit",-- Unbranded --,-- No Unilog Brand --,DEWALT,Black & Decker/dewlt (2585)
2761-20,"2761-20 Milw M18 1/4"" Hex Hydraulic Driver",-- Unbranded --,-- No Unilog Brand --,-- No DIB Brand --,Milwaukee Accessory (4031)
2761-22,2761-22 Milw M18 Surge Kit,-- Unbranded --,-- No Unilog Brand --,-- No DIB Brand --,Milwaukee Accessory (4031)
3450-20,3450-20 Milw M12 Impact Driver - Brushless Compact (Bare),-- Unbranded --,-- No Unilog Brand --,-- No DIB Brand --,Milwaukee Accessory (4031)
KPTDV025A,KPTDV025A Kreg 20V Ionic Compact Impact Driver,-- Unbranded --,-- No Unilog Brand --,-- No DIB Brand --,Kreg Tool Company (KRETO)
3048-20,"3048-20 Milw M12 1/4"" Impact Wrench w/Friction Ring",-- Unbranded --,-- No Unilog Brand --,-- No DIB Brand --,Milwaukee Accessory (4031)
3049-20,"3049-20 Milw M12 3/8"" Impact Wrench w/Friction Ring",-- Unbranded --,-- No Unilog Brand --,-- No DIB Brand --,Milwaukee Accessory (4031)
2563-20,"2563-20 Milw M12 Stubby 1/2"" Impact Wrench",-- Unbranded --,-- No Unilog Brand --,-- No DIB Brand --,Milwaukee Accessory (4031)
DCF961B,"Dewalt DCF961B 20V 1/2"" Impact - Bare Tool",-- Unbranded --,-- No Unilog Brand --,DEWALT,Black & Decker/dewlt (2585)
DCF964B,"DCF964B Dewalt 20V 3/4"" Impact - Wrench (Bare)",-- Unbranded --,-- No Unilog Brand --,DEWALT,Black & Decker/dewlt (2585)
2563P-20,"2563P-20 Milw M12 1/2"" Stubby - Impact Wrench w/Pin Detent",-- Unbranded --,-- No Unilog Brand --,-- No DIB Brand --,Milwaukee Accessory (4031)
DCF921P2,DCF921P2 Dewalt 20V 1/2 Impact,-- Unbranded --,-- No Unilog Brand --,-- No DIB Brand --,Black & Decker/dewlt (2585)
XLT03Z,"XLT03Z Makita 3/8"" 18V Angle Impact",-- Unbranded --,-- No Unilog Brand --,-- No DIB Brand --,Makita Usa Inc (5142)
XLT04Z,"XLT04Z Makita 1/4"" 18V Angle Impact",-- Unbranded --,-- No Unilog Brand --,-- No DIB Brand --,Makita Usa Inc (5142)
XLT05Z,"XLT05Z Makita 1/2"" 18V Angle Impact",-- Unbranded --,-- No Unilog Brand --,-- No DIB Brand --,Makita Usa Inc (5142)
DCF510B,Dewalt DCF510B 20V Rachet - Interchangeable Anvil,-- Unbranded --,-- No Unilog Brand --,DEWALT,Black & Decker/dewlt (2585)
3052-20,"3052-20 Milw M12 Fuel 1/4"" Rachet",-- Unbranded --,-- No Unilog Brand --,-- No DIB Brand --,Milwaukee Accessory (4031)
3054-20,"3054-20 Milw M12 1/2"" Ratchet (Bare)",-- Unbranded --,-- No Unilog Brand --,-- No DIB Brand --,Milwaukee Accessory (4031)
DCF513EB,"DCF513EB Dewalt 3/8"" Open Head Rachet",-- Unbranded --,-- No Unilog Brand --,-- No DIB Brand --,Black & Decker/dewlt (2585)
XVP01Z,"XVP01Z Makita 18V 3"" Polisher/ 2"" Sander",-- Unbranded --,-- No Unilog Brand --,-- No DIB Brand --,Makita Usa Inc (5142)
DCM200B,DCM200B Dewalt 1/2in x 18in - Band File,-- Unbranded --,-- No Unilog Brand --,DEWALT,Black & Decker/dewlt (2585)
DCG410B,"DCG410B Dewalt 20V 4-1/2""-5"" - Angle Grinder (Bare)",-- Unbranded --,-- No Unilog Brand --,DEWALT,Black & Decker/dewlt (2585)
DCG460B,"DCG460B Dewalt 60V Grinder - 7-9""",-- Unbranded --,-- No Unilog Brand --,DEWALT,Black & Decker/dewlt (2585)
DCG402B,"DCG402B Dewalt 20V 4.5"" Angle Grinder (Bare)",-- Unbranded --,-- No Unilog Brand --,-- No DIB Brand --,Black & Decker/dewlt (2585)
3485-20,"3485-20 Milw M12 1/4"" Right Angle Die Grinder",-- Unbranded --,-- No Unilog Brand --,-- No DIB Brand --,Milwaukee Accessory (4031)
DCG420B,DCG420B Dewalt 20V Die Grinder (Bare),-- Unbranded --,-- No Unilog Brand --,-- No DIB Brand --,Black & Decker/dewlt (2585)
DCG422B,DCG422B Dewalt 20V Right Angle Die Grinder (Bare),-- Unbranded --,-- No Unilog Brand --,-- No DIB Brand --,Black & Decker/dewlt (2585)
924422,924422 Mafell Carpentry - Planing Machine ZH 320 Ec 120V,-- Unbranded --,-- No Unilog Brand --,-- No DIB Brand --,-
DCW620B,DCW620B Dewalt 20V Plunge - Router,-- Unbranded --,-- No Unilog Brand --,-- No DIB Brand --,Black & Decker/dewlt (2585)
2535-20,"2535-20 Milw 3"" Orbit Sander - M12",-- Unbranded --,-- No Unilog Brand --,-- No DIB Brand --,Milwaukee Accessory (4031)
2837-20,"2837-20 Milw M18 5"" Sander - Orbital (Bare)",-- Unbranded --,-- No Unilog Brand --,Milwaukee,Milwaukee Accessory (4031)
577728,577728 Festool Cordless Sander - ETSC 2 150 I-Plus,-- Unbranded --,-- No Unilog Brand --,-- No DIB Brand --,Festool USA (FESTO)
577738,577738 Festool Cordless Sander - ETSC 2 125 I-Plus,-- Unbranded --,-- No Unilog Brand --,-- No DIB Brand --,Festool USA (FESTO)
KPTRS500A,"KPTRS500A Kreg 20V Ionic 5"" Random Orbit Sander",-- Unbranded --,-- No Unilog Brand --,-- No DIB Brand --,Kreg Tool Company (KRETO)
24-35M-320,"24-35M-320 Iridium Grip - 3.2"" x 5.2"" Grip",-- Unbranded --,-- No Unilog Brand --,-- No DIB Brand --,Mirka Abrasives Inc (MIRUS)
9A-129-120,9A-129-120 Abranet 3x4 - 50 Sheets/Box,-- Unbranded --,-- No Unilog Brand --,-- No DIB Brand --,Mirka Abrasives Inc (MIRUS)
578800,578800 Festool 80x133 M GR PRO/10,-- Unbranded --,-- No Unilog Brand --,-- No DIB Brand --,Festool USA (FESTO)
578801,578801 Festool 80x133 F GR PRO/10,-- Unbranded --,-- No Unilog Brand --,-- No DIB Brand --,Festool USA (FESTO)
578802,578802 Festool 80x133 S GR PRO/10,-- Unbranded --,-- No Unilog Brand --,-- No DIB Brand --,Festool USA (FESTO)
578808,578808 Festool 3x4 M GR PRO/10,-- Unbranded --,-- No Unilog Brand --,-- No DIB Brand --,Festool USA (FESTO)
578809,578809 Festool 3x4 F GR PRO/10,-- Unbranded --,-- No Unilog Brand --,-- No DIB Brand --,Festool USA (FESTO)
578810,578810 Festool 3x4 S GR PRO/10,-- Unbranded --,-- No Unilog Brand --,-- No DIB Brand --,Festool USA (FESTO)
578811,578811 Festool 3x4 GR PRO/10-Set,-- Unbranded --,-- No Unilog Brand --,-- No DIB Brand --,Festool USA (FESTO)
578192,578192 Festool D 150 GR SYS - Systainer Abrasive Set,-- Unbranded --,-- No Unilog Brand --,-- No DIB Brand --,Festool USA (FESTO)
578806,578806 Festool Delta S GR PRO/10,-- Unbranded --,-- No Unilog Brand --,-- No DIB Brand --,Festool USA (FESTO)
D0860X,"D0860X Diablo 8-1/4"" 60 Tooth - Fine Finish Saw Blade",-- Unbranded --,-- No Unilog Brand --,-- No DIB Brand --,Freud Inc (2435)
48-40-0740,48-40-0740 Milw 7-1/4in. 24T - Framing Circ Saw Blade,-- Unbranded --,-- No Unilog Brand --,Milwaukee,Milwaukee Accessory (4031)
48-41-0740,48-41-0740 Milw7-1/4 24TFrming - Blade,-- Unbranded --,-- No Unilog Brand --,-- No DIB Brand --,Milwaukee Accessory (4031)
A-96095,"A-96095 Makita 5-7/8"" 32T Saw Blade",-- Unbranded --,-- No Unilog Brand --,-- No DIB Brand --,Makita Usa Inc (5142)
D0760UX,"D0760UX Diablo 7-1/4"" 60T Circ - Saw Blade",-- Unbranded --,-- No Unilog Brand --,Diablo,Freud Inc (2435)
230.312.08,230.312.08 CMT Locked Dado Pro Set,-- Unbranded --,-- No Unilog Brand --,-- No DIB Brand --,CMT USA Inc (CMTUS)
D0708LF,"D0708LF Saw Blade 7-1/4""x8 - Laminate & Wood Flooring",-- Unbranded --,-- No Unilog Brand --,-- No DIB Brand --,Freud Inc (2435)
D1012LF,"D1012LF Saw Blade 10""x12Teeth - Laminate & Wood Flooring",-- Unbranded --,-- No Unilog Brand --,-- No DIB Brand --,Freud Inc (2435)
D1216LF,"D1216LF Saw Blade 12""x16Teeth - Laminate & Wood Flooring",-- Unbranded --,-- No Unilog Brand --,-- No DIB Brand --,Freud Inc (2435)
DWA47421,"DWA47421 Dewalt 14"" Segmented - Rim Diamond Blade",-- Unbranded --,-- No Unilog Brand --,DEWALT,Black & Decker/dewlt (2585)
DWA4769,"DWA4769 Dewalt Rim Glass Tile - Blade 10""",-- Unbranded --,-- No Unilog Brand --,-- No DIB Brand --,Black & Decker/dewlt (2585)
49-93-9204,"49-93-9204 Milw 4-1/2"" Diamond - Tile Blade",-- Unbranded --,-- No Unilog Brand --,-- No DIB Brand --,Milwaukee Accessory (4031)
49-93-9207,"49-93-9207 Milw 7"" Diamond - Tile Blade",-- Unbranded --,-- No Unilog Brand --,-- No DIB Brand --,Milwaukee Accessory (4031)
49-93-9210,"49-93-9210 Milw 10"" Diamond - Tile Blade",-- Unbranded --,-- No Unilog Brand --,-- No DIB Brand --,Milwaukee Accessory (4031)
49-93-9202,"49-93-9202 Milw 4"" Diamond - Tile Blade",-- Unbranded --,-- No Unilog Brand --,-- No DIB Brand --,Milwaukee Accessory (4031)
49-93-9205,"49-93-9205 Milw 5"" Diamond - Tile Blade",-- Unbranded --,-- No Unilog Brand --,-- No DIB Brand --,Milwaukee Accessory (4031)
49-22-4702,49-22-4702 Milw 13pc Quik-Lock Hole Dozer Kit,-- Unbranded --,-- No Unilog Brand --,-- No DIB Brand --,Milwaukee Accessory (4031)
DJT155HHM,"DJT155HHM Diablo 3-3/5"" 10 TPI - Jig Saw Blade",-- Unbranded --,-- No Unilog Brand --,-- No DIB Brand --,Freud Inc (2435)
790.82,790.820 CMT Planer Blade 2pc,-- Unbranded --,-- No Unilog Brand --,-- No DIB Brand --,CMT USA Inc (CMTUS)
794.321,794.321 HS Planer Knives 3pc,-- Unbranded --,-- No Unilog Brand --,-- No DIB Brand --,CMT USA Inc (CMTUS)
49-22-5641,49-22-5641 Milw Packout 15pc - Sawzall Blade Kit,-- Unbranded --,-- No Unilog Brand --,-- No DIB Brand --,Milwaukee Accessory (4031)
D0604TSH,"D0604TSH Diablo 6-1/2"" 4-Tooth - Cement Track Saw Blade",-- Unbranded --,-- No Unilog Brand --,-- No DIB Brand --,Freud Inc (2435)
D0620TSR,"D0620TSR Diablo 6-1/2""20 Tooth - Framing Saw Blade",-- Unbranded --,-- No Unilog Brand --,-- No DIB Brand --,Freud Inc (2435)
D0648TSF,"D0648TSF Diablo 6-1/2""48 Tooth - Plywood Track Saw Blade",-- Unbranded --,-- No Unilog Brand --,-- No DIB Brand --,Freud Inc (2435)
D0652TSL,"D0652TSL Diablo 6-1/2""52 Tooth - Laminate Track Saw Blade",-- Unbranded --,-- No Unilog Brand --,-- No DIB Brand --,Freud Inc (2435)
JT1-549,"JT1-549 JWBS18SFX 18"" Bandsaw - 1.75HP 1PH 115V",-- Unbranded --,-- No Unilog Brand --,-- No DIB Brand --,JPW Industries (JPWIN)
JT1-1371,"JWBS14-SFX-BLK Jet 14"" Bandsaw - JT1-1371",-- Unbranded --,-- No Unilog Brand --,-- No DIB Brand --,JPW Industries (JPWIN)
JT9-714400K,"JWBS-14SFX 14"" Bandsaw JTP-714400K",-- Unbranded --,-- No Unilog Brand --,-- No DIB Brand --,JPW Industries (JPWIN)
2834-21HD,"2834-21HD Milw M18 7-1/4"" Circ - Saw Kit",-- Unbranded --,-- No Unilog Brand --,Milwaukee,Milwaukee Accessory (4031)
DCS383B,"DCS383B Dewalt 20V 7-1/4"" - Metal Cutting Circ Saw",-- Unbranded --,-- No Unilog Brand --,-- No DIB Brand --,Black & Decker/dewlt (2585)
DCS590B,"DCS590B Dewalt 20V Cordless - 7-1/4"" Circular Saw (Bare)",-- Unbranded --,-- No Unilog Brand --,DEWALT,Black & Decker/dewlt (2585)
KPTCS725A,"KPTCS725A Kreg 20V Ionic 7-1/4"" Circ Saw",-- Unbranded --,-- No Unilog Brand --,-- No DIB Brand --,Kreg Tool Company (KRETO)
KPTCS450A,"KPTCS450A Kreg 20V Ionic 4-1/2"" Circ Saw",-- Unbranded --,-- No Unilog Brand --,-- No DIB Brand --,Kreg Tool Company (KRETO)
2545-20,2545-20 Milw M12 Jig Saw,-- Unbranded --,-- No Unilog Brand --,Milwaukee,Milwaukee Accessory (4031)
KPTJS100A,KPTJS100A Kreg 20V Ionic Barrel Grip Jigsaw,-- Unbranded --,-- No Unilog Brand --,-- No DIB Brand --,Kreg Tool Company (KRETO)
DCS714B,"DCS714B Dewalt 20V Miter Saw - (Bare) 10"" Double Bevel Fixed",-- Unbranded --,-- No Unilog Brand --,-- No DIB Brand --,Black & Decker/dewlt (2585)
DCS785B,"DCS785B Dewalt 20V Miter Saw - Kit 12"" Double Bevel Sliding",-- Unbranded --,-- No Unilog Brand --,-- No DIB Brand --,Black & Decker/dewlt (2585)
GSL02M1,"GSL02M1 Makita Miter Saw - 40V 8-1/2""",-- Unbranded --,-- No Unilog Brand --,-- No DIB Brand --,Makita Usa Inc (5142)
DW7029,DW7029 Dewalt Miter Saw - Stand Support/Stop,-- Unbranded --,-- No Unilog Brand --,-- No DIB Brand --,Black & Decker/dewlt (2585)
DCS384B,DCS384B Dewalt 20V Brushless - Cordless Recip Saw (Bare),-- Unbranded --,-- No Unilog Brand --,DEWALT,Black & Decker/dewlt (2585)
XRJ08Z,XRJ08Z Makita 18V Recip Saw - Bare Tool,-- Unbranded --,-- No Unilog Brand --,-- No DIB Brand --,Makita Usa Inc (5142)
G0771Z,"Grizzly G0771Z 30"" Table Saw",-- Unbranded --,-- No Unilog Brand --,-- No DIB Brand --,Woodstock Intl (3658)
TS1017,TS1017 Table Saw Zero-Clearance Insert,-- Unbranded --,-- No Unilog Brand --,-- No DIB Brand --,Robt Bosch Tool Corp (6564)
XT524,"XT524 24"" XT XTENDER Fence",-- Unbranded --,-- No Unilog Brand --,-- No DIB Brand --,Bow Products (BOWPR)
XT536,"XT536 36"" XT XTENDER Fence",-- Unbranded --,-- No Unilog Brand --,-- No DIB Brand --,Bow Products (BOWPR)
XT546,"XT546 46"" XT XTENDER Fence",-- Unbranded --,-- No Unilog Brand --,-- No DIB Brand --,Bow Products (BOWPR)
XTP235,"35"" XTP XTENDER PRO Fence - XTP235",-- Unbranded --,-- No Unilog Brand --,-- No DIB Brand --,Bow Products (BOWPR)
TGP2-FA,TGP2-FA T-Glide Fence Professional,-- Unbranded --,-- No Unilog Brand --,-- No DIB Brand --,Saw Stop LLC (SAWST)
ATGI-FA,ATGI-FA T-Glide Advanced Fence Industrial,-- Unbranded --,-- No Unilog Brand --,-- No DIB Brand --,Saw Stop LLC (SAWST)
ATGP-FA,ATGP-FA T-Glide Advance Fence Professional,-- Unbranded --,-- No Unilog Brand --,-- No DIB Brand --,Saw Stop LLC (SAWST)
TGI2-FA,TGI2-FA T-Glide Fence Indudtrial,-- Unbranded --,-- No Unilog Brand --,-- No DIB Brand --,Saw Stop LLC (SAWST)
TGI2-T36A,"TGI2-T36A 36"" Table Assembly Industrial",-- Unbranded --,-- No Unilog Brand --,-- No DIB Brand --,Saw Stop LLC (SAWST)
KPTBPS100A,"KPTBPS100A Kreg 20V Ionic 6-1/2"" Plunge-Cut Track Saw Kit",-- Unbranded --,-- No Unilog Brand --,-- No DIB Brand --,Kreg Tool Company (KRETO)
DCB606C,DCB606C Dewalt Flexvolt Starter Kit,-- Unbranded --,-- No Unilog Brand --,-- No DIB Brand --,Black & Decker/dewlt (2585)
BL1850BDC1,BL1850BDC1 Makita Starter Kit,-- Unbranded --,-- No Unilog Brand --,-- No DIB Brand --,Makita Usa Inc (5142)
DCB205C,DCB205C 20V Starter Kit,-- Unbranded --,-- No Unilog Brand --,DEWALT,Black & Decker/dewlt (2585)
DCB2108,DCB2108 Dewalt 20V 8Ah Battery - Max XR Powerpack,-- Unbranded --,-- No Unilog Brand --,DEWALT,Black & Decker/dewlt (2585)
DCB2108-2,DCB2108-2 Dewalt 20V 8Ah 2pk - Battery Max XR Powerpack,-- Unbranded --,-- No Unilog Brand --,-- No DIB Brand --,Black & Decker/dewlt (2585)
VB0212,VB0212 Senco 18V 2.0 AH Lithium Battery,-- Unbranded --,-- No Unilog Brand --,-- No DIB Brand --,Senco Products Inc (4650)
BCB2A20A,BCB2A20A Kreg 20V Battery/Charger Starter Kit,-- Unbranded --,-- No Unilog Brand --,-- No DIB Brand --,Kreg Tool Company (KRETO)
BATT4A,BATT4A Kreg 20V 4ah Battery Pack,-- Unbranded --,-- No Unilog Brand --,-- No DIB Brand --,Kreg Tool Company (KRETO)
BATT2A,BATT2A Kreg 20V 2ah Battery Pack,-- Unbranded --,-- No Unilog Brand --,-- No DIB Brand --,Kreg Tool Company (KRETO)
BL1850BDC2X1,BL1850BDC2X1 Makita Starter Kit,-- Unbranded --,-- No Unilog Brand --,-- No DIB Brand --,Makita Usa Inc (5142)
48-11-2422,48-11-2422 Milw M12 CP2.0 Battery Two Pack,-- Unbranded --,-- No Unilog Brand --,-- No DIB Brand --,Milwaukee Accessory (4031)
DCB1104,DCB1104 Dewalt 12V/20V Charger - 4 Amp,-- Unbranded --,-- No Unilog Brand --,-- No DIB Brand --,Black & Decker/dewlt (2585)
48-59-1804,48-59-1804 Milw M18 and M12 Rapid Charger,-- Unbranded --,-- No Unilog Brand --,-- No DIB Brand --,Milwaukee Accessory (4031)
CRGR401A,CRGR401A Kreg 20V Fast Charger,-- Unbranded --,-- No Unilog Brand --,-- No DIB Brand --,Kreg Tool Company (KRETO)
48-59-1211,48-59-1211 Milw Power Supply - Charger,-- Unbranded --,-- No Unilog Brand --,Milwaukee,Milwaukee Accessory (4031)
2847-20,2847-20 Milw M18 Charger and Power Supply,-- Unbranded --,-- No Unilog Brand --,-- No DIB Brand --,Milwaukee Accessory (4031)
DWV9401,DWV9401 Dewalt Paper Bag - 5pk,-- Unbranded --,-- No Unilog Brand --,-- No DIB Brand --,Black & Decker/dewlt (2585)
578512,578512 Festool Dust Extractor-CT MIDI I HEPA,-- Unbranded --,-- No Unilog Brand --,-- No DIB Brand --,Festool USA (FESTO)
577871,577871 Festool Dust Extractor - CT 26,-- Unbranded --,-- No Unilog Brand --,-- No DIB Brand --,Festool USA (FESTO)
577874,577874 Festool Dust Extractor - CT 36,-- Unbranded --,-- No Unilog Brand --,-- No DIB Brand --,Festool USA (FESTO)
577876,577876 Festool Dust Extractor - CT 48,-- Unbranded --,-- No Unilog Brand --,-- No DIB Brand --,Festool USA (FESTO)
578441,578441 Festool Dust Extractor-CT 15 HEPA,-- Unbranded --,-- No Unilog Brand --,-- No DIB Brand --,Festool USA (FESTO)
DCK225D2,DCK225D2 Dewalt Impact/Drill - Kit,-- Unbranded --,-- No Unilog Brand --,DEWALT,Black & Decker/dewlt (2585)
DCK2101QQ2,Dewalt DCK2101QQ2 20V 2Pc Kit,-- Unbranded --,-- No Unilog Brand --,-- No DIB Brand --,Black & Decker/dewlt (2585)
4000-2/32,4000-2/32 DREMEL ROTARY TOOL,-- Unbranded --,-- No Unilog Brand --,Dremel,Robt Bosch Tool Corp (6564)
3100-1/15,3100-1/15 Dremel Rotary Tool - Kit 15pc,-- Unbranded --,-- No Unilog Brand --,Dremel,Robt Bosch Tool Corp (6564)
T-90043,T-90043 Deep Medium Organizer,-- Unbranded --,-- No Unilog Brand --,-- No DIB Brand --,Makita Usa Inc (5142)
T-90059,T-90059 Low Profile Medium - Organizer,-- Unbranded --,-- No Unilog Brand --,-- No DIB Brand --,Makita Usa Inc (5142)
T-90065,T-90065 Deep Compact Organizer,-- Unbranded --,-- No Unilog Brand --,-- No DIB Brand --,Makita Usa Inc (5142)
10047VS,10047VS Oliver 3HP 230V 1PH Shaper 1-1/4 Spindle,-- Unbranded --,-- No Unilog Brand --,-- No DIB Brand --,Oliver Machinery Company (OLIMA)
MAG:2044-230-1,2044-230-1 Stock Feeder 4-Roll - Steff,-- Unbranded --,-- No Unilog Brand --,-- No DIB Brand --,J&G Machinery (JGMAC)
XTP242,"42"" XTP XTENDER PRO Fence - XTP242",-- Unbranded --,-- No Unilog Brand --,-- No DIB Brand --,Bow Products (BOWPR)
AAS-P,AAS-P Align-A-Saw Plate Only,-- Unbranded --,-- No Unilog Brand --,-- No DIB Brand --,Woodpeckers Inc (WOODP)
SSCMS,SSCMS Stealthstop Miter Sled,-- Unbranded --,-- No Unilog Brand --,-- No DIB Brand --,Woodpeckers Inc (WOODP)
4225.201,"4225.201 Oliver 6"" HH Jointer Paralleogram",-- Unbranded --,-- No Unilog Brand --,-- No DIB Brand --,Oliver Machinery Company (OLIMA)
KC-426C,"KC-426C 12"" Portable Planer",-- Unbranded --,-- No Unilog Brand --,-- No DIB Brand --,King Canada Inc (KINCA)
10045.201,"10045.201 Oliver 13"" Benchtop Planer 2HP,115V 1Ph",-- Unbranded --,-- No Unilog Brand --,-- No DIB Brand --,Oliver Machinery Company (OLIMA)
10014.201,"10014.201 Oliver 15"" Planer 3HP 1Ph 220V",-- Unbranded --,-- No Unilog Brand --,-- No DIB Brand --,Oliver Machinery Company (OLIMA)
4430.201,"4430.201 Oliver 20"" Planer 5HP 1Ph 230V",-- Unbranded --,-- No Unilog Brand --,-- No DIB Brand --,Oliver Machinery Company (OLIMA)
10055.201,"10055.201 Oliver 15"" Benchtop Planer 2.5HP 1Ph 230V",-- Unbranded --,-- No Unilog Brand --,-- No DIB Brand --,Oliver Machinery Company (OLIMA)
T27417,T27417 Grizzly OscillatingEdge - Belt and Spindle Sander,-- Unbranded --,-- No Unilog Brand --,-- No DIB Brand --,Woodstock Intl (3658)